"","Primary","Secondary","IM_101_Cut","BL1_Corr","BL2_Corr","M_Corr","LAR_Corr","MSL_Corr","IM_101_Corr","BL1_Cut","BL2_Cut","M_Cut","LAR_Cut","MSL_Cut"
"ACH.001113","BL2","ND","0","-0.232920843264658","0.435900784710658","0.0549950479424473","0.00190463752027079","-0.166487086557613","-0.20462337153492","0","1","0","0","0"
"ACH.001289","ND","ND","0","-0.00841305601811038","0.141868286152741","-0.170383430741938","0.186752429773294","-0.0904321894624569","-0.00782533929756968","0","0","0","0","0"
"ACH.001339","M","ND","0","0.0477900762943372","0.0232365777473036","0.217770812246275","-0.0670105897846127","0.00218761223756816","-0.247744364993851","0","0","1","0","0"
"ACH.001538","ND","ND","0","0.0508157290408245","-0.0916076229035383","0.00334127839270361","0.0935884459246199","-0.0930007292040792","-0.0785472513359672","0","0","0","0","0"
"ACH.000242","MSL","ND","0","-0.057846562401367","-0.0210598491527084","0.18849381264897","0.0278512423678454","0.229372775655467","-0.146330579771661","0","0","0","0","1"
"ACH.000708","MSL","ND","0","-0.116422328881923","-0.242128405219795","0.157083619028961","0.107323603356516","0.347743276629554","-0.0591090649862322","0","0","0","0","1"
"ACH.000327","BL2","ND","0","-0.191628301825187","0.347830345773337","-0.103013680739217","0.0170982031105452","0.0646597229024499","0.0472023595737965","0","1","0","0","0"
"ACH.000233","ND","ND","0","0.158672630903016","-0.418116912092816","0.0489655097354186","-0.0963746585257017","-0.00880486716513752","0.0489219751635267","0","0","0","0","0"
"ACH.000461","ND","ND","0","0.194806325573296","0.0421958838062276","-0.139299746411119","-0.183269664021941","-0.310738890521435","0.190714075815457","0","0","0","0","0"
"ACH.000705","BL1","M","0","0.356058379860907","-0.422056790849033","0.223321470162493","-0.200792329208433","-0.0568670345337992","-0.0305503858251434","1","0","1","0","0"
"ACH.001794","BL1","M","0","0.333159195045766","-0.301226586563054","0.300072920407919","-0.322427923074411","-0.184967512325726","-0.119012635909492","1","0","1","0","0"
"ACH.002023","ND","ND","0","-0.0068675787159478","-0.317073170731707","0.106431144632731","0.0574547512543399","0.180701124280319","0.0289831412370349","0","0","0","0","0"
"ACH.000528","ND","ND","0","-0.0405415700743353","-0.200400518061406","-0.0642243771835309","0.0977024629684048","0.0163581153883828","-0.0239113636116281","0","0","0","0","0"
"ACH.001655","BL2","ND","0","0.0263057650656828","0.355601266856042","-0.154558613859231","-0.177697238819778","-0.258671542538719","0.134358572501388","0","1","0","0","0"
"ACH.000167","MSL","ND","1","-0.0968535388165127","0.123518464100304","-0.304469912169001","0.190518170241943","0.203796214668974","0.218793874685735","0","0","0","0","1"
"ACH.000792","BL2","ND","0","-0.204884578966272","0.220578792133303","-0.0324441397024412","0.0842285129678606","-0.00889193630892132","-0.178872672260859","0","1","0","0","0"
"ACH.001098","ND","ND","0","0.0941761626451606","0.179939269272211","-0.119730956345708","-0.135969351661388","-0.203578541809514","0.0993785439862431","0","0","0","0","0"
"ACH.000570","BL2","ND","1","0.164310357963017","0.212328990759787","-0.18289962016086","-0.175106931792209","-0.157584266605718","0.272733209259803","0","1","0","0","0"
"ACH.000351","ND","ND","0","0.00303653638946028","0.10778071636138","-0.20198952993546","0.161219403358692","-0.149552138091662","0.0964399603835396","0","0","0","0","0"
"ACH.000769","ND","ND","0","-0.116465863453815","0.182573110871671","-0.00656283671270448","0.0602191965694757","-0.0510987037581219","-0.0677506775067751","0","0","0","0","0"
"ACH.000154","ND","ND","0","0.145372819190039","-0.230940020243576","0.0990738019829998","-0.0490961134510944","0.119730956345708","-0.0231495086035198","0","0","0","0","0"
"ACH.000828","LAR","ND","0","0.0978112993981346","-0.0517081877646086","-0.237491973313307","0.276020069437642","-0.213482656914923","0.108172527508408","0","0","0","1","0"
"ACH.000765","ND","ND","0","-0.0584560464078536","0.0755651331613718","-0.0740196558592092","0.120144534778681","0.148398471936527","0.0653562760527204","0","0","0","0","0"
"ACH.001375","ND","ND","0","-0.0158792350975719","0.136622370239767","-0.0119175890554086","0.113832021854355","-0.130984643179765","-0.0282648208008185","0","0","0","0","0"
"ACH.000008","LAR","ND","0","-0.223996256026817","0.1587597000468","-0.207191911276542","0.386510812899294","-0.0900621456013757","-0.109086753518138","0","0","0","1","0"
"ACH.001814","MSL","ND","0","-0.0458745551310935","-0.176238830661399","-0.106518213776515","0.189451573230592","0.21306907848195","0.0351650504456852","0","0","0","0","1"
"ACH.000800","ND","ND","0","0.0818123442278599","-0.137971941968416","-0.0256092119154123","0.13144175618463","-0.0584995809797455","0.0238460617537902","0","0","0","0","0"
"ACH.000606","BL1","M","0","0.382266192139833","-0.192803735266268","0.288100913137645","-0.355144153851177","-0.314831140279274","-0.150248691241933","1","0","1","0","0"
"ACH.000317","MSL","LAR","0","-0.301313655706838","0.0808545836462381","0.0401932934992001","0.23172364253763","0.372318542462533","-0.0408245447916327","0","0","0","1","1"
"ACH.000123","ND","ND","0","0.0629618745986657","-0.325235902961439","0.0415428652278491","0.0863834742765098","0.0798968230646162","-0.0747162090094797","0","0","0","0","0"
"ACH.000723","ND","ND","0","0.0934360749229982","-0.248636823717635","0.132007705619225","0.066422873064072","0.0613293281527193","-0.118033108041924","0","0","0","0","0"
"ACH.002066","MSL","ND","0","-0.143152556023552","-0.0817252750840761","0.170971147462479","0.0865140779921856","0.298200933816567","-0.0820953189451573","0","0","0","0","1"
"ACH.001536","ND","ND","0","0.0930007292040792","-0.369227587858208","0.0557786702365016","0.0567146635321775","0.175411673795453","0.0284171918024401","0","0","0","0","0"
"ACH.000313","ND","ND","0","-0.0603280329992055","0.0148561726581121","-0.0219305405905465","0.0919123649067816","0.110980507395435","0.00168696466081127","0","0","0","0","0"
"ACH.002019","BL2","ND","0","-0.192020112972214","0.366136633253883","-0.158694398188962","0.11246068283976","-0.143566134456525","0.0206898052916272","0","1","0","0","0"
"ACH.000728","ND","ND","0","0.179830432842481","-0.099857424277054","-0.00242705238297363","-0.0442420086851471","-0.254753431068447","-0.00247058695486553","0","0","0","0","0"
"ACH.000700","BL2","ND","0","-0.032552976132171","0.350311816371176","-0.128350801580305","0.0603715675710974","-0.345588315320904","-0.0442420086851471","0","1","0","0","0"
"ACH.000823","ND","ND","0","0.0511857729019057","-0.434507678410118","-0.0260880922062233","0.111089343825165","0.0737149138559659","-0.0250650297667635","0","0","0","0","0"
"ACH.000678","M","ND","0","0.157714870321394","-0.397655663303621","0.409584136002003","-0.147244805781391","0.0527094829181224","-0.284400474526834","0","0","1","0","0"
"ACH.000006","ND","ND","0","0.000946876938648905","-0.138733796976524","-0.137253621532199","0.189756315233835","0.00534386869973117","0.0856869211262394","0","0","0","0","0"
"ACH.002029","ND","ND","0","0.0234760178927091","0.00675874228621804","-0.199007411760865","0.125912865554358","-0.0169022975370316","0.170165757882478","0","0","0","0","0"
"ACH.001377","MSL","ND","0","-0.12708829899544","-0.191040585104646","0.185468159902483","0.000598600363513675","0.348156855062527","-0.175281070079777","0","0","0","0","1"
"ACH.000754","ND","ND","0","0.00168696466081127","0.149290930660311","0.00355895125216312","-0.0160316060991935","0.0366669931759559","-0.0558875066662313","0","0","0","0","0"
"ACH.000465","ND","ND","1","0.0803539360694812","-0.048813138733797","-0.169665110305722","0.0669235206408289","-0.0816164386543464","0.212807871050598","0","0","0","0","0"
"ACH.000138","LAR","ND","0","0.0192531644191944","-0.405905464677137","-0.159173278479773","0.207910231712759","0.155973487445718","0.125586356265169","0","0","0","1","0"
"ACH.001864","LAR","ND","0","-0.18198539415113","-0.0480077491537968","-0.0773500506089398","0.222820822585736","0.067315331787856","-0.0169893666808154","0","0","0","1","0"
"ACH.000383","BL2","ND","0","0.158890303762475","0.200639958206811","-0.0592614359878539","-0.152185979691122","-0.436292595857685","0.0458527878451475","0","1","0","0","0"
"ACH.001547","ND","ND","0","0.106648817492191","0.0688172745181267","-0.0218217041608167","-0.101642341724622","-0.141781217008957","0.0287219338056834","0","0","0","0","0"
"ACH.000917","BL1","ND","0","0.32238438850252","-0.200139310630054","0.145612259335445","-0.249268075010067","-0.273190322264668","0.0371894080386587","1","0","0","0","0"
"ACH.000984","M","ND","0","0.121559408365168","-0.429000555065792","0.299180461684135","-0.077741861755967","0.163287295523558","-0.16962157573383","0","0","1","0","0"
"ACH.001409","ND","ND","0","0.127414808284629","0.0205374342900056","-0.0784166476202915","-0.0504239178937974","-0.0353174214473068","0.0651603704792068","0","0","0","0","0"
"ACH.001707","M","MSL","0","-0.142129493584092","-0.0163798826743288","0.216638913377086","0.0665752440656937","0.196090595444107","-0.110915205537598","0","0","1","0","1"
"ACH.000117","ND","ND","1","0.0512510747597436","-0.0152479838051393","-0.278871583896562","0.128198430578683","-0.0729312915619116","0.257779083814935","0","0","0","0","0"
"ACH.000999","ND","ND","0","0.070471588250019","-0.261697195285206","0.149421534375986","-0.0175988506873021","0.0767405666024532","-0.129526235021386","0","0","0","0","0"
"ACH.000633","M","ND","0","-0.0777853963278589","0.119469748914357","0.21822792525114","-0.0371458734667668","0.0269370163581154","-0.141258802146254","0","0","1","0","0"
"ACH.000520","M","ND","0","0.102142989301379","-0.193522055702485","0.22565056975871","-0.0512728420456895","-0.0409333812213624","-0.175128699078155","0","0","1","0","0"
"ACH.000176","ND","ND","0","0.102251825731109","-0.142956650450039","-0.0726483168446142","0.0829007085251575","-0.0442420086851471","0.0891696868775917","0","0","0","0","0"
"ACH.000017","LAR","ND","0","-0.228240876786278","-0.00122985165594628","-0.169643343019776","0.462304502563098","-0.0937843514981335","-0.132508353195982","0","0","0","1","0"
"ACH.000020","ND","ND","0","0.0318564229819005","-0.243630347950066","-0.102012385585703","0.16687889770464","-0.0635931258910983","0.026654041640818","0","0","0","0","0"
"ACH.001385","ND","ND","0","0.114550342290572","-0.247570226706283","-0.0867099835656991","0.130549297460846","0.00647576756892067","0.120710484213276","0","0","0","0","0"
"ACH.000587","LAR","ND","0","0.043828430252174","-0.123779671531655","-0.167053035992207","0.26511465917872","-0.14698359835004","0.0734101718527226","0","0","0","1","0"
"ACH.000785","M","ND","0","0.0908675351813759","-0.397046179297134","0.273081485834939","-0.0858828266997529","0.0598926872802865","-0.243782718951688","0","0","1","0","0"
"ACH.000554","MSL","M","0","-0.0907804660375921","-0.251292432603041","0.207278980420326","0.0833795888159685","0.215354643506274","-0.201663020646271","0","0","1","0","1"
"ACH.001398","BL2","ND","1","0.023933130897574","0.443083989072822","-0.367072626549559","0.0539937527889335","-0.541733328979876","0.217792579532221","0","1","0","0","0"
"ACH.001991","MSL","LAR","0","-0.1297221405949","-0.0143555250813552","-0.0929571946321873","0.196417104733296","0.286076555544672","0.0183824729813563","0","0","0","1","1"
"ACH.001332","BL2","ND","0","-0.187993165072213","0.329828800296035","-0.212982009338166","0.108607873227327","-0.14676592549058","0.058739021125151","0","1","0","0","0"
"ACH.000585","BL2","ND","0","0.0305939203970353","0.370860134304154","-0.201663020646271","-0.170709940031127","-0.370207115725776","0.159434485911124","0","1","0","0","0"
"ACH.000550","ND","ND","0","0.000489763933783916","-0.00945788574351607","-0.00416843525864978","0.0568670345337992","0.139865695845713","0.0200367867132487","0","0","0","0","0"
"ACH.000627","MSL","ND","0","-0.257887920244664","0.104493856183542","0.108673175085165","0.11955681805814","0.384442920734428","-0.175498742939237","0","0","0","0","1"
"ACH.000704","MSL","M","0","0.0430012733862278","-0.235054037287361","0.21650830966141","-0.0837713999629956","0.226695399484115","-0.115791077589491","0","0","1","0","1"
"ACH.000276","LAR","MSL","0","-0.117684831466789","-0.035230352303523","-0.139147375409497","0.308366256353327","0.196852450452215","0.0563446196710963","0","0","0","1","1"
"ACH.000075","ND","ND","0","0.0412163559386598","0.0243249420446012","-0.151663564828419","0.119034403195438","-0.0368193641775775","0.103274888170568","0","0","0","0","0"
"ACH.000818","ND","ND","0","0.0489219751635267","0.0720388328381276","-0.108390200367867","-0.0248255896213581","0.0246732186197364","0.0920865031943492","0","0","0","0","0"
"ACH.001616","ND","ND","0","0.0302456438219001","-0.163787943100315","0.0389307909143349","0.0799185903505621","0.113853789140301","-0.0554956955192042","0","0","0","0","0"
"ACH.000625","M","ND","0","0.101185228719757","-0.293716872911701","0.250073464590068","-0.0223876535954115","0.0217999368748708","-0.216638913377086","0","0","1","0","0"
"ACH.000941","ND","ND","0","-0.0363622511727125","0.0534060360683928","-0.186904800774915","0.135163962081388","-0.0113298723348679","0.137580130821389","0","0","0","0","0"
"ACH.000392","ND","ND","0","-0.0165757882478423","-0.065051534049477","-0.0780030691873184","0.106692352064083","-0.0499885721748784","0.0562140159554206","0","0","0","0","0"
"ACH.000269","BL2","ND","1","0.108085458364624","0.416506132932815","-0.256320675656556","-0.166247646412207","-0.345283573317661","0.251901916609528","0","1","0","0","0"
"ACH.001670","BL1","ND","1","0.196134130015999","-0.167880192858154","-0.229416310227359","0.0293967196700079","-0.167118337850045","0.242868492941958","1","0","0","0","0"
"ACH.000856","ND","ND","0","0.0413904942262274","0.127240669997061","-0.0766534974586694","-0.233508559985198","-0.0210598491527084","0.0934578422089442","0","0","0","0","0"
"ACH.002687","LAR","ND","0","-0.12961330416517","0.0387566526267672","-0.0139201793624362","0.298375072104135","0.0632883838878549","-0.0424353239516331","0","0","0","1","0"
"ACH.001119","BL1","ND","0","0.214832228643572","-0.00479968655108238","-0.0168369956791937","-0.082683035665698","-0.0923477106257006","0.0793744082019134","1","0","0","0","0"
"ACH.000376","BL2","ND","0","-0.111677060545706","0.335793036645226","-0.14950860351977","0.0832054505284009","-0.208672086720867","0.0424135566656871","0","1","0","0","0"
"ACH.000685","M","MSL","0","0.0269805509300073","-0.115116291725166","0.249115704008446","-0.0928265909165116","0.208040835428435","-0.179003275976535","0","0","1","0","1"
"ACH.000729","ND","ND","0","-0.0851209716916446","-0.0209292454370327","-0.145242215474364","0.16300432080626","-0.0412598905105517","0.0803539360694812","0","0","0","0","0"
"ACH.001034","MSL","ND","1","0.0118087526256789","-0.110936972823544","-0.144153851177066","0.0475071015770399","0.20666949641384","0.208759155864651","0","0","0","0","1"
"ACH.001283","MSL","ND","0","-0.122952514665709","-0.000946876938648905","-0.00869603073540776","0.0917599939051599","0.227631392779791","-0.131202316039225","0","0","0","0","1"
"ACH.000880","M","ND","0","-0.0598926872802865","-0.206016477835461","0.288427422426835","-0.0464622718516342","0.133444346491658","-0.19741839988681","0","0","1","0","0"
"ACH.000035","BL1","ND","0","0.255994166367366","-0.119317377912735","-0.187318379207888","-0.00284063081594671","-0.209869287447895","0.147636616928418","1","0","0","0","0"
"ACH.001200","ND","ND","1","0.104646227185163","0.0807892817884002","-0.26866272678791","0.123170187525168","-0.199769266768973","0.220469955703573","0","0","0","0","0"
"ACH.000194","ND","ND","0","-0.0294402542418999","0.0590437631283943","-0.0576288895419075","0.119012635909492","0.0304850839673055","0.0809634200759678","0","0","0","0","0"
"ACH.000322","ND","ND","0","0.176630641808426","-0.115616939301923","-0.0436978265364983","-0.106779421207867","-0.091259346328403","0.114615644148409","0","0","0","0","0"
"ACH.000552","MSL","ND","0","0.0325747434181169","0.0552997899456906","0.0526877156321764","-0.122364797945168","0.216116498514383","0.10170764358246","0","0","0","0","1"
"ACH.002508","MSL","ND","0","-0.134728616362469","-0.0853168772651582","-0.135381634940847","0.161067032357071","0.230482907238711","0.127349506426791","0","0","0","0","1"
"ACH.000222","ND","ND","0","0.12343139495652","0.0817470423700221","-0.0383648414797401","-0.161262937930584","-0.148224333648959","0.0639849370381254","0","0","0","0","0"
"ACH.000260","ND","ND","0","0.00429903897432549","-0.260957107563044","0.00810831401486706","0.0934796094948901","0.141998889868417","-0.0179906618343292","0","0","0","0","0"
"ACH.001652","ND","ND","0","0.0950903886548906","-0.315310020570085","-0.0184042402673023","-0.006780509572164","0.0178818254045994","0.0156180276662204","0","0","0","0","0"
"ACH.000608","ND","ND","0","-0.157649568463556","0.10810722565057","0.0639414024662335","0.0972888845354317","0.186904800774915","-0.0354697924489285","0","0","0","0","0"
"ACH.000501","MSL","LAR","0","-0.149073257800851","-0.139822161273822","0.135076892937604","0.203056126946812","0.223060262731141","-0.133096069916522","0","0","0","1","1"
"ACH.000612","ND","ND","0","0.0327924162775764","-0.223865652311142","0.109152055375975","0.079548546489481","0.0987037581219186","-0.108738476943002","0","0","0","0","0"
"ACH.001184","ND","ND","0","-0.112264777266247","0.0287872356635213","-0.00588805084837997","0.0684689979429915","0.174693353359236","0.0274376639348723","0","0","0","0","0"
"ACH.001688","M","ND","0","0.166813595846802","-0.336315451507929","0.235402313862496","-0.0979636703997562","-0.00884840173702942","-0.161067032357071","0","0","1","0","0"
"ACH.001838","BL2","ND","0","0.0310945679737922","0.208236741001948","-0.174127403924642","-0.0434801536770388","-0.131158781467333","0.11509452443922","0","1","0","0","0"
"ACH.000638","MSL","ND","0","-0.140627550853822","0.172059511759776","0.075478064017588","0.0895614980246188","0.240561160631687","-0.116814140028951","0","0","0","0","1"
"ACH.001846","BL2","ND","0","-0.0802015650678595","0.496609745213918","-0.247744364993851","0.0683819287992077","-0.336946702800361","0.0421088146624438","0","1","0","0","0"
"ACH.000798","MSL","LAR","0","-0.182420739870049","-0.0368846660354154","0.0718211599786681","0.235576452150064","0.344129907162525","-0.0863399397046179","0","0","0","1","1"
"ACH.001321","BL1","ND","0","0.262502584865206","-0.24178012864466","-0.133466113777604","-0.112787192128949","-0.15784547403707","0.185076348755455","1","0","0","0","0"
"ACH.000894","LAR","ND","0","0.0277424059381156","-0.0487696041619051","-0.274300453847912","0.246808371698175","-0.0632230820300171","0.162830182518693","0","0","0","1","0"
"ACH.001559","BL1","ND","0","0.224779878320872","-0.174279774926263","0.0945462065062418","-0.242716121940336","-0.0627442017392062","0.0450256309792014","1","0","0","0","0"
"ACH.000344","ND","ND","1","0.041129286794876","-0.0635278240332604","-0.22887212807871","0.0395620422067675","-0.0187742841283835","0.227108977917088","0","0","0","0","0"
"ACH.000223","ND","ND","0","0.015356820234869","-0.0154874239505447","-0.083140148670563","-0.0647903266181256","0.0927830563446197","0.118011340755978","0","0","0","0","0"
"ACH.000031","LAR","ND","0","-0.25092238874196","0.0551691862300149","0.12251716894679","0.249703420728986","0.140518714424092","-0.126500582274899","0","0","0","1","0"
"ACH.000034","LAR","MSL","0","-0.0424135566656871","-0.0445249834024445","-0.201380045928973","0.225106387610061","0.207540187851678","0.0995962168457026","0","0","0","1","1"
"ACH.001861","LAR","ND","0","-0.0546250040813661","-0.127915455861386","-0.18037461499113","0.290843591166835","0.0902145166029974","0.138472589545173","0","0","0","1","0"
"ACH.000772","MSL","ND","0","-0.0775677234683994","0.126043469270034","0.174519215071669","-0.0743679324343444","0.238710941326281","-0.0271764565035209","0","0","0","0","1"
"ACH.000946","ND","ND","0","0.129047354730575","-0.344129907162525","0.0816382059402923","0.068251325083532","-0.0885384355851591","-0.0356003961646042","0","0","0","0","0"
"ACH.000596","ND","ND","0","0.0336631077154145","-0.257517876383583","0.0928048236305656","0.0728442224181278","-0.03115986983163","-0.0584342791219077","0","0","0","0","0"
"ACH.000632","ND","ND","0","-0.106191704487326","-0.0154656566645988","0.0430012733862278","0.165115747543018","0.187187775492213","0.00105571336837866","0","0","0","0","0"
"ACH.000978","ND","ND","0","-0.0309857315440624","-0.304927025173866","0.0582166062624482","0.0515775840489329","0.0803757033554271","-0.0372111753246046","0","0","0","0","0"
"ACH.000332","ND","ND","0","0.12767601571598","0.0790261316267781","-0.138320218543551","-0.154493312001393","-0.0915205537597545","0.0973106518213777","0","0","0","0","0"
"ACH.001841","MSL","M","0","-0.218815641971681","-0.0843808839694823","0.218772107399789","0.105886962484083","0.250312904735473","-0.196047060872215","0","0","1","0","1"
"ACH.000179","ND","ND","0","-0.0356221634505502","-0.270882989954398","-0.0571500092510965","0.14848554108031","0.103231353598677","0.021255754726222","0","0","0","0","0"
"ACH.000887","ND","ND","0","-0.0878418824348886","0.103732001175433","0.0256309792013583","0.093544911352728","-0.00654106942675853","-0.0846420914008337","0","0","0","0","0"
"ACH.000368","ND","ND","1","0.0838802363927254","-0.233965672990063","-0.199377455621946","0.116727070885167","0.137514828963551","0.219860471697086","0","0","0","0","0"
"ACH.000240","BL1","ND","1","0.217836114104113","-0.0549950479424473","-0.402531535355514","0.0356656980224421","-0.30157486313819","0.372840957325236","1","0","0","0","0"
"ACH.000578","BL2","ND","0","-0.0777853963278589","0.230417605380873","-0.182333670726266","0.0901056801732676","-0.296960198517648","-0.0338590132889281","0","1","0","0","0"
"ACH.001611","ND","ND","0","0.139495651984632","-0.279111024041967","0.0425659276673088","0.118141944471654","-0.0750644855846149","-0.037037037037037","0","0","0","0","0"
"ACH.000135","ND","ND","0","0.0632230820300171","-0.202011297221406","-0.0620694158748816","0.0939584897857011","-0.128350801580305","-0.00449494454783905","0","0","0","0","0"
"ACH.000406","ND","ND","0","-0.100924021288406","-0.00536563598567713","0.0710593049705597","-0.0020352412359465","0.0593702724175836","0.0112428031910841","0","0","0","0","0"
"ACH.001541","ND","ND","0","0.0491831825948782","0.104167346894352","0.0789608297689403","-0.127958990433278","-0.0953733633721879","-0.0468323157127154","0","0","0","0","0"
"ACH.000998","ND","ND","0","0.115899914019221","-0.286577203121429","-0.0918252957629978","0.0303109456797379","0.0387348853408213","0.109217357233813","0","0","0","0","0"
"ACH.000441","BL1","ND","0","0.208780923150597","-0.319489339471708","-0.0105462500408137","0.0138548775045983","-0.104080277750569","0.0729965934197495","1","0","0","0","0"
"ACH.000960","BL2","ND","0","-0.0755651331613718","0.311261305384138","-0.140083368705173","-0.0542549602202849","-0.304752886886299","0.0889955485900241","0","1","0","0","0"
"ACH.000098","M","ND","0","-0.143000185021931","-0.00769473558189397","0.239538098192227","-0.0326400452759548","0.15865086361707","-0.180766426138157","0","0","1","0","0"
"ACH.001456","M","ND","0","-0.0482471892992022","-0.13853789140301","0.205406993828974","0.00695464785973161","0.153753224279231","-0.183269664021941","0","0","1","0","0"
"ACH.001336","BL1","ND","1","0.212089550614382","0.0847726951165094","-0.247026044557634","-0.0549297460846094","-0.277979125172778","0.257887920244664","1","0","0","0","0"
"ACH.000284","M","ND","0","0.0115693124802734","0.0146602670845986","0.196330035589513","-0.139800393987876","0.127480110142467","-0.138254916685713","0","0","1","0","0"
"ACH.000971","BL2","ND","0","-0.158346121613827","0.292867948759809","-0.131006410465711","0.168076098431667","-0.0143990596532471","-0.0247820550494662","0","1","0","0","0"
"ACH.001454","ND","ND","1","0.167423079853288","-0.151794168544095","-0.177436031388426","-0.0532101304948793","-0.00784710658351563","0.263873923879801","0","0","0","0","0"
"ACH.000926","MSL","ND","0","0.14596053591058","-0.31060828680576","0.0134848336435172","0.0164887191040585","0.221536552714925","0.0575635876840696","0","0","0","0","1"
"ACH.000033","ND","ND","0","0.0732360335651549","-0.306102458614948","-0.0475288688629858","0.124106180820844","0.0396491113505513","0.0795920810613729","0","0","0","0","0"
"ACH.000576","ND","ND","0","0.0788302260532645","-0.0655739489121799","0.0347514720127121","-0.0177729889748697","-0.135033358365712","-0.0596097125629891","0","0","0","0","0"
"ACH.000019","LAR","ND","0","-0.0255003754856826","0.152077143261392","-0.236120634298712","0.202076599079244","-0.00617102556567734","0.156909480741394","0","0","0","1","0"
"ACH.001577","LAR","ND","0","-0.0512075401878517","-0.184401562891131","-0.146091139626256","0.2598469759798","0.0308768951143327","0.0264581360673045","0","0","0","1","0"
"ACH.000330","BL1","ND","0","0.353446305547393","0.00351541668027122","0.116770605457059","-0.504990150303109","-0.438730531883632","0.0117216834818951","1","0","0","0","0"
"ACH.000848","MSL","ND","0","-0.0945897410781337","0.0449385618354176","0.104123812322461","0.00416843525864978","0.272667907401966","-0.0115910797662194","0","0","0","0","1"
"ACH.000481","BL1","ND","1","0.251009457885744","-0.275954767579804","-0.192063647544106","0.00403783154297406","-0.182638412729509","0.200291681631676","1","0","0","0","0"
"ACH.001517","ND","ND","0","-0.103557862887866","0.0490525788792024","-0.0310074988300084","0.103557862887866","0.136600602953821","0.00593158542027187","0","0","0","0","0"
"ACH.000338","BL2","ND","0","-0.166487086557613","0.393694017261458","0.00345011482243337","-0.0799403576365081","-0.256364210228448","-0.0801797977819136","0","1","0","0","0"
"ACH.001959","ND","ND","1","0.1488120503695","0.0256962810591961","-0.30157486313819","0.0773935851808317","-0.299398134543594","0.32318977808252","0","0","0","0","0"
"ACH.001414","ND","ND","0","0.00734645900675874","0.0178600581186535","0.00229644866729792","-0.0489002078775808","-0.0278947769397373","-0.0692308529510998","0","0","0","0","0"
"ACH.000871","BL2","ND","0","-0.15510279600788","0.302706762007379","-0.123649067815979","0.0527530174900143","-0.0819211806575897","-0.0512510747597436","0","1","0","0","0"
"ACH.001403","LAR","ND","0","-0.203034359660866","0.00882663445108347","-0.184379795605185","0.289015139147375","0.149835112808959","0.103013680739217","0","0","0","1","0"
"ACH.000805","BL1","ND","0","0.206495358126272","-0.0916946920473221","-0.0911940444705652","-0.0935013767808361","-0.312023160392247","0.108934382516516","1","0","0","0","0"
"ACH.001142","BL2","ND","0","0.0150520782316257","0.227674927351683","-0.0519040933381221","-0.0629401073127197","-0.240517626059795","-0.00077273865108129","0","1","0","0","0"
"ACH.001554","MSL","ND","0","-0.229721052230603","-0.0129841860667603","-0.0484648621586618","0.145677561193283","0.395892513141999","0.0760440134521827","0","0","0","0","1"
"ACH.000847","ND","ND","0","0.172908435911668","-0.112134173550571","0.055125651658123","-0.18849381264897","-0.0155091912364907","0.0517517223365005","0","0","0","0","0"
"ACH.001207","ND","ND","0","-0.156539436880313","0.120819320643006","0.0837060981051578","0.123561998672196","0.0223223517375736","-0.0881683917240779","0","0","0","0","0"
"ACH.000832","ND","ND","0","0.0932837039213766","-0.220600559419249","-0.0233236468910874","0.0550603498002852","-0.0227576974564926","0.0662269674905584","0","0","0","0","0"
"ACH.000428","ND","ND","0","-0.0264799033532504","0.0593702724175836","0.012657676777571","-0.0622217868765033","0.0119828909132465","-0.0494443900262296","0","0","0","0","0"
"ACH.001382","ND","ND","0","0.0288090029494672","0.0136372046451388","-0.106692352064083","0.0299626691046027","0.120079232920843","0.17660887452248","0","0","0","0","0"
"ACH.001302","ND","ND","0","-0.00138222265756794","0.158084914182475","0.12047104406787","-0.131398221612738","-0.0830966140986711","-0.130788737606252","0","0","0","0","0"
"ACH.000690","ND","ND","1","0.119404447056519","0.140192205134903","-0.278806282038724","0.09713651353381","-0.18392268260032","0.246982509985742","0","0","0","0","0"
"ACH.001134","ND","ND","0","-0.0021223103797303","-0.177501333246264","0.12595640012625","0.0480295164397427","0.0615470010121788","-0.0738019829997497","0","0","0","0","0"
"ACH.000914","ND","ND","0","0.0941108607873227","-0.0168805302510856","-0.195263438578161","0.0678812812224508","-0.0493355535964998","0.193805030419782","0","0","0","0","0"
"ACH.000858","MSL","M","0","-0.0541025892186633","-0.166748293988964","0.280003482765751","-0.131354687040846","0.324757022670628","-0.146374114343553","0","0","1","0","1"
"ACH.001421","ND","ND","0","0.0813116966511031","-0.110109815957597","-0.036144578313253","0.0333583657121712","-0.198354393182486","-0.0227141628846007","0","0","0","0","0"
"ACH.000544","MSL","ND","0","-0.0411728213667679","-0.304361075739272","0.179003275976535","0.0121570292008141","0.210021658449516","-0.144001480175444","0","0","0","0","1"
"ACH.000725","BL1","ND","0","0.226760701341953","-0.211741274039246","-0.038887256342443","-0.0519040933381221","-0.112438915553814","0.118229013615437","1","0","0","0","0"
"ACH.000566","LAR","ND","0","-0.0319217248397384","-0.00434257354621739","-0.320490634625222","0.345762453608472","0.0194055354208161","0.184292726461401","0","0","0","1","0"
"ACH.000760","BL2","BL1","1","0.227348418062494","0.247178415559256","-0.120101000206789","-0.317334378163059","-0.335466527356037","0.211741274039246","1","1","0","0","0"
"ACH.001745","ND","ND","1","0.152185979691122","-0.131180548753279","-0.0496620628856891","-0.0748250454392094","-0.108738476943002","0.2093033380133","0","0","0","0","0"
"ACH.000787","MSL","M","0","-0.057389449396502","0.0263492996375747","0.243173234945201","-0.0941543953592146","0.28775263656251","-0.115529870158139","0","0","1","0","1"
"ACH.000749","ND","ND","0","-0.107018861353272","0.078612553193805","-0.0440678703975795","0.163635572098693","-0.296067739793864","-0.188907391081943","0","0","0","0","0"
"ACH.001328","MSL","LAR","0","-0.241714826786822","-0.0824653628062385","0.160871126783557","0.211480066607895","0.311435443671706","-0.235445848434388","0","0","0","1","1"
"ACH.001068","MSL","M","0","-0.10810722565057","0.0819647152294816","0.199116248190594","-0.0556698338067718","0.294544029777647","-0.1595650896268","0","0","1","0","1"
"ACH.000358","ND","ND","0","-0.0707980975392083","-0.046092227990553","-0.00895723816675918","0.056954103677583","-0.0566275943883937","-0.0431971789597414","0","0","0","0","0"
"ACH.001654","ND","ND","0","0.0425659276673088","-0.408082193271732","0.101511738008946","0.123104885667331","0.0851645062635365","-0.115769310303545","0","0","0","0","0"
"ACH.001521","ND","ND","0","-0.0315081464067653","-0.0706674938235326","-0.0428489023846062","0.166138809982477","0.186251782196537","0.0755433658754258","0","0","0","0","0"
"ACH.000209","M","MSL","0","-0.0763269881694801","-0.222429011438709","0.267879104493856","0.0358180690240637","0.217270164669518","-0.206277685266813","0","0","1","0","1"
"ACH.001520","MSL","M","0","-0.122103590513817","-0.0575635876840696","0.216965422666275","0.00199170666405459","0.337207910231713","-0.050162710462446","0","0","1","0","1"
"ACH.000213","ND","ND","0","0.0716905562629924","-0.147549547784634","-0.0446555871181202","-0.014899707230004","-0.093066031061917","0.0159227696694638","0","0","0","0","0"
"ACH.001610","ND","ND","0","0.139539186556524","0.194523350855999","-0.0573676821105561","-0.207561955137624","-0.186295316768429","0.0747815108673175","0","0","0","0","0"
"ACH.001408","ND","ND","0","-0.175411673795453","0.0874283040019155","-0.0986384562640807","0.107802483647326","-0.0719517636943438","-0.0732360335651549","0","0","0","0","0"
"ACH.000991","BL2","ND","0","0.0322482341289276","0.448003395696608","-0.10778071636138","-0.258649775252773","-0.239886374767362","0.104363252467866","0","1","0","0","0"
"ACH.001412","BL2","ND","0","-0.0610681207213679","0.355688335999826","-0.219055082117086","-0.0885166682992131","-0.215289341648437","0.10079341757273","0","1","0","0","0"
"ACH.000331","ND","ND","1","-0.0423264875219033","0.09084576789543","-0.322123181071168","0.186491222341942","0.0688172745181267","0.324735255384682","0","0","0","0","0"
"ACH.001407","ND","ND","1","0.157431895604097","-0.172015977187884","-0.181462979288427","0.0395620422067675","-0.139321513697065","0.207017772988975","0","0","0","0","0"
"ACH.000580","BL2","ND","0","-0.0517734896224464","0.366680815402532","-0.0805280743570488","0.0477683090083913","-0.368814009425235","-0.0330753909948738","0","1","0","0","0"
"ACH.000594","LAR","ND","0","0.00934904931378631","-0.259651070406286","-0.190017522665187","0.285162329534942","0.0784819494781293","0.112373613695976","0","0","0","1","0"
"ACH.000684","ND","ND","0","0.0425659276673088","-0.270730618952776","-0.0659439927732611","0.100706348428946","-0.0563010850992044","0.0613728627246112","0","0","0","0","0"
"ACH.000742","BL2","ND","0","-0.296437783654945","0.38975413850524","0.104189114180298","0.116879441886788","-0.0659004582013692","-0.300159989551703","0","1","0","0","0"
"ACH.000868","ND","ND","0","0.111502922258138","-0.119447981628411","-0.192194251259782","0.0523829736289331","-0.126500582274899","0.176783012810048","0","0","0","0","0"
"ACH.000732","ND","ND","1","0.0332277619964955","0.187884328642483","-0.182072463294914","-0.0303544802516298","-0.101489970723","0.211044720888976","0","0","0","0","0"
"ACH.000429","M","ND","0","0.0930224964900251","-0.417681566373897","0.30227141628846","-0.0625918307375845","0.165790533407342","-0.18757958663924","0","0","1","0","0"
"ACH.000310","M","ND","0","0.121515873793276","-0.315919504576572","0.410324223724165","-0.204949880824109","0.0935013767808361","-0.298570977677648","0","0","1","0","0"
"ACH.002475","BL2","ND","0","-0.261022409420881","0.426714990041467","0.0820735516592114","-0.0491396480229863","-0.00795594301324539","-0.136339395522469","0","1","0","0","0"
"ACH.000643","MSL","ND","0","-0.120514578639762","0.190909981388971","-0.0215822640154112","0.0367975968916316","0.211305928320327","0.0861440341311044","0","0","0","0","1"
"ACH.000234","MSL","ND","0","0.00316714010513599","-0.0947856466516473","-0.0504456851797434","0.0778071636138048","0.222624917012222","0.0845332549711039","0","0","0","0","1"
"ACH.001498","ND","ND","0","0.142543072017066","-0.440493682045254","0.0668146842110992","0.0120699600570303","0.140888758285173","0.00762943372405612","0","0","0","0","0"
"ACH.000896","MSL","ND","0","-0.131724730901927","-0.144306222178688","0.177305427672751","0.00947965302946202","0.301944906999271","-0.132856629771117","0","0","0","0","1"
"ACH.000203","ND","ND","0","0.0097626277467594","0.0676418410770453","0.120449276781924","-0.0290266758089268","0.063266616601909","-0.0847073932586715","0","0","0","0","0"
"ACH.001607","MSL","ND","0","-0.177065987527345","-0.200008706914378","0.135795213373821","0.16058815206626","0.267509060632775","-0.147745453358148","0","0","0","0","1"
"ACH.001441","ND","ND","0","0.137384225247875","0.130113951741927","-0.0202762268586541","-0.141694147865173","0.0630054091705576","0.134358572501388","0","0","0","0","0"
"ACH.000112","M","MSL","0","0.0751733220143447","-0.320838911200357","0.294674633493323","-0.0463316681359585","0.211958946898706","-0.196743614022486","0","0","1","0","1"
"ACH.000186","ND","ND","0","0.0515993513348788","0.0121352619148681","-0.0496838301716351","0.0780466037592103","-0.0677289102208291","-0.0643985154710985","0","0","0","0","0"
"ACH.000677","ND","ND","0","-0.0782642766186698","-0.0792655717721836","0.134097365070036","0.0120481927710843","0.0992697075565133","-0.0595661779910972","0","0","0","0","0"
"ACH.000055","MSL","ND","0","-0.118098409899762","0.0883207627256996","0.0200367867132487","0.0146602670845986","0.241518921213309","-0.000663902221351531","0","0","0","0","1"
"ACH.000485","BL2","MSL","0","-0.0917599939051599","0.285641209825753","-0.16848967686464","0.0532536650667711","0.250857086884122","0.0741937941467768","0","1","0","0","1"
"ACH.000672","ND","ND","0","-0.0424135566656871","0.0270023182159532","-0.0658786909154232","0.111002274681381","0.183422035023563","0.120884622500844","0","0","0","0","0"
"ACH.000287","MSL","M","0","-0.0850992044056987","-0.191062352390592","0.288383887854943","-0.0184695421251401","0.352967425256582","-0.208759155864651","0","0","1","0","1"
"ACH.000784","ND","ND","0","0.105016271046245","-0.137210086960307","0.100249235424081","-0.0781336729029941","0.092630685342998","0.0108945266159489","0","0","0","0","0"
"ACH.000530","M","MSL","0","-0.153579085991663","-0.0983990161186752","0.422100325420925","-0.10960916838084","0.414982422916599","-0.341779040280363","0","0","1","0","1"
"ACH.002024","ND","ND","0","0.0891914541635376","-0.316811963300356","0.00841305601811038","0.0838584691067794","0.127327739140845","-0.0629836418846116","0","0","0","0","0"
"ACH.000380","ND","ND","0","-0.112243009980301","0.135751678801929","0.178785603117075","-0.0631142456002873","0.0370805716089289","-0.140888758285173","0","0","0","0","0"
"ACH.001737","MSL","ND","0","0.0119393563413546","-0.0798750557786702","0.0947856466516473","-0.0960916838084044","0.199899870484649","0.0674241682175858","0","0","0","0","1"
"ACH.001400","M","ND","0","-0.0471152904300127","-0.106931792209488","0.230504674524657","-0.0248038223354121","0.140279274278687","-0.215267574362491","0","0","1","0","0"
"ACH.001054","ND","ND","0","-0.137079483244632","0.132421284052198","0.0945026719343499","0.11074106725003","0.183313198593833","-0.0859263612716449","0","0","0","0","0"
"ACH.000009","M","ND","0","0.188341441647348","-0.162503673229503","0.276172440439264","-0.159086209335989","-0.0180124291202751","-0.1396697902722","0","0","1","0","0"
"ACH.000491","LAR","ND","0","-0.127262437283007","-0.404098779943623","-0.0690349473775862","0.416070787213896","0.0471370577159587","-0.0602409638554217","0","0","0","1","0"
"ACH.001703","ND","ND","0","-0.00617102556567734","-0.082247689946779","-0.0915205537597545","0.172320719191128","-0.0478336108662291","0.0793526409159674","0","0","0","0","0"
"ACH.000002","ND","ND","1","0.0786778550516429","0.102055920157595","-0.262611421294936","0.118707893906248","-0.283595084946833","0.19661301030681","0","0","0","0","0"
"ACH.001568","BL2","ND","0","-0.0943503009327282","0.286903712410618","-0.126783556992196","-0.0433277826754171","-0.228806826220873","-0.0177947562608156","0","1","0","0","0"
"ACH.000993","ND","ND","0","0.172734297624101","-0.214179210065193","-0.14848554108031","0.0130494879245981","-0.0620041140170438","0.178393791970048","0","0","0","0","0"
"ACH.000877","MSL","ND","0","-0.125455752549493","-0.269141607078721","0.162133629368422","0.036623458604064","0.44874348341877","-0.09805073954354","0","0","0","0","1"
"ACH.000711","ND","ND","0","-0.0634189876035307","0.0825741992359683","-0.0743026305765066","0.00939258388567821","0.16746661442518","0.127850154003548","0","0","0","0","0"
"ACH.001515","ND","ND","0","-0.0128100477791927","-0.284531078242509","0.00830421958838062","0.0462445989921747","0.127871921289494","0.0514034457613652","0","0","0","0","0"
"ACH.000702","BL1","ND","1","0.219055082117086","-0.160239875491124","-0.138712029690578","0.0308768951143327","-0.236316539872226","0.262611421294936","1","0","0","0","0"
"ACH.001020","BL2","ND","0","-0.0272417583613587","0.359562912898205","-0.308409790925218","0.0413251923683896","-0.384573524450104","0.162329534941936","0","1","0","0","0"
"ACH.000600","BL1","ND","1","0.274997006998182","-0.165289885830585","-0.228719757077089","-0.0656827853419096","-0.0175988506873021","0.358387479457124","1","0","0","0","0"
"ACH.000354","M","ND","0","-0.0213428238700058","-0.322754432363601","0.234096276705739","0.0368628987494694","0.0685778343727212","-0.26635539447764","0","0","1","0","0"
"ACH.000012","LAR","ND","0","-0.158955605620313","-0.200182845201946","-0.266224790761964","0.517136295860951","0.0292878832402782","0.0165104863900045","0","0","0","1","0"
"ACH.000689","M","MSL","0","0.080876350932184","-0.465438991739315","0.263765087450071","-0.0299409018186567","0.214875763215463","-0.231288296818711","0","0","1","0","1"
"ACH.000459","ND","ND","1","0.157431895604097","-0.230831183813846","-0.269402814510073","0.132813095199225","0.00194817209216269","0.328588064997116","0","0","0","0","0"
"ACH.001413","LAR","ND","0","-0.126348211273277","0.0847509278305634","-0.181767721291671","0.241170644638173","0.104950969188407","0.0933054712073225","0","0","0","1","0"
"ACH.000686","BL2","ND","0","0.063701962320828","0.36265386750253","-0.249986395446284","-0.0374723827559561","-0.36722499755118","0.163962081387882","0","1","0","0","0"
"ACH.000342","BL2","LAR","0","-0.294979375496566","0.30409986830792","0.0785907859078591","0.215049901503031","0.0736278447121821","-0.200944700210054","0","1","0","1","0"
"ACH.000208","BL2","ND","0","-0.0619388121592059","0.381373733416049","-0.247570226706283","-0.0744985361500201","-0.27538881814521","0.149987483810581","0","1","0","0","0"
"ACH.000360","M","BL1","0","0.298266235674405","-0.517375736006356","0.335379458212253","-0.213569726058706","0.0854692482667799","-0.140714619997606","1","0","1","0","0"
"ACH.000249","ND","ND","0","0.0227576974564926","-0.20553759754465","0.182290136154374","-0.0499450376029865","-0.00251412152675744","-0.16380971038626","0","0","0","0","0"
"ACH.001368","ND","ND","0","0.178480861113832","-0.251314199888987","0.0712334432581274","-0.0275029657927101","-0.0101544388937865","0.0624829943078547","0","0","0","0","0"
"ACH.000231","BL2","ND","0","-0.128960285586792","0.468203437054451","-0.25011699916196","0.0244555457602769","-0.235990030583037","0.0589131594127186","0","1","0","0","0"
"ACH.000945","M","ND","0","0.140562248995984","-0.462674546424179","0.276760157159805","-0.0535148724981226","-0.0184913094110861","-0.204449233247353","0","0","1","0","0"
"ACH.000662","M","ND","0","0.0642243771835309","-0.304252239309542","0.325997757969548","-0.0980072049716481","0.0694702930965053","-0.234727527998172","0","0","1","0","0"
"ACH.002458","ND","ND","0","-0.0483995603008239","-0.324386978809547","-0.156321764020853","0.191301792535998","0.113091934132193","0.116835907314896","0","0","0","0","0"
"ACH.001378","BL2","ND","0","-0.294979375496566","0.245524101827364","0.11988332734733","0.0771541450354263","0.102687171450028","-0.246830138984121","0","1","0","0","0"
"ACH.001029","BL2","ND","0","-0.0810722565056976","0.267226085915478","-0.0302021092500082","-0.0604804040008272","-0.113614348994896","-0.0499668048889324","0","1","0","0","0"
"ACH.000248","BL2","ND","0","-0.147310107639229","0.447219773402553","-0.264135131311152","0.0743679324343444","-0.183770311598698","0.13337904463382","0","1","0","0","0"
"ACH.000943","ND","ND","0","-0.199725732197081","0.159107976621935","0.0645508864727202","0.138124312970037","0.0950903886548906","-0.0736278447121821","0","0","0","0","0"
"ACH.000751","ND","ND","0","-0.014464361511085","0.0897356363121864","-0.00725938986297494","0.0683166269413698","-0.159129743907881","-0.125063941402466","0","0","0","0","0"
"ACH.001696","BL2","ND","0","-0.0602844984273136","0.252968513620879","0.0294184869559539","0.00303653638946028","-0.218924478401411","-0.144981008043012","0","1","0","0","0"
"ACH.001016","ND","ND","0","-0.00738999357865065","0.0744550015781282","0.0398885514959567","0.0744767688640742","0.0214516602997355","-0.0719299964083978","0","0","0","0","0"
"ACH.000282","ND","ND","0","0.084946833404077","-0.347286163624689","0.14939976709004","-0.0424135566656871","0.00490852298081214","-0.112003569834895","0","0","0","0","0"
"ACH.000261","ND","ND","0","0.0574547512543399","0.00971909317486749","-0.0394749730629836","-0.0219523078764924","0.134140899641928","0.0799838922084","0","0","0","0","0"
"ACH.000164","ND","ND","0","-0.0277859405100075","0.0770453086056965","-0.128481405295981","0.101860014584082","0.056018110381907","0.0798532884927243","0","0","0","0","0"
"ACH.001793","ND","ND","0","0.0559310412381232","-0.24521935982412","-0.0346861701548742","0.0922606414819168","0.18951687508843","-0.0332930638543333","0","0","0","0","0"
"ACH.000262","ND","ND","0","0.09805073954354","-0.20312142880465","-0.0359922073116314","0.055125651658123","-0.0372764771824425","-0.0102415080375703","0","0","0","0","0"
"ACH.000158","ND","ND","0","0.0746726744375878","-0.180135174845724","-0.171624166040857","0.105603987766785","-0.0268934817862235","0.156670040595988","0","0","0","0","0"
"ACH.000773","M","ND","0","0.16779312371437","-0.108499036797597","0.208432646575462","-0.20370914552519","0.0195361391364918","-0.0797226847770486","0","0","1","0","0"
"ACH.000722","LAR","ND","0","-0.18128884100086","0.0450691655510933","-0.357516788019286","0.482047430916076","-0.0999009588489459","0.0903451203186731","0","0","0","1","0"
"ACH.000857","MSL","ND","0","-0.117358322177599","0.123039583809493","0.00651930214081257","0.0834884252456982","0.249877559016554","0.0459180897029854","0","0","0","0","1"
"ACH.001129","BL2","ND","1","0.0215387294435193","0.367878016129559","-0.303947497306298","-0.0458092532732556","-0.154232104570042","0.304034566450082","0","1","0","0","0"
"ACH.001619","M","MSL","0","-0.056018110381907","-0.227566090921953","0.275562956432777","0.0272852929332506","0.253795670486825","-0.221645389144655","0","0","1","0","1"
"ACH.000184","MSL","ND","0","0.0649862321916392","-0.240191116770606","0.0453739075543366","-0.0846856259727256","0.413175738183085","0.143609669028417","0","0","0","0","1"
"ACH.000329","MSL","ND","0","-0.217117793667897","0.0476812398646075","0.107062395925164","0.0392573002035241","0.313786310553869","-0.189386271372754","0","0","0","0","1"
"ACH.001569","ND","ND","0","0.00732469172081279","-0.362000848924152","0.0807457472165083","0.040215060785146","0.14585169948085","-0.0354480251629826","0","0","0","0","0"
"ACH.000814","LAR","ND","0","-0.02486912419325","0.0201673904289244","-0.190692308529511","0.21354795877276","-0.00133868808567604","0.147614849642472","0","0","0","1","0"
"ACH.001701","ND","ND","0","0.194501583570053","0.0285477955181158","-0.0941326280732687","-0.158150216040313","-0.0946332756500256","0.125782261838683","0","0","0","0","0"
"ACH.000197","MSL","M","0","-0.120775786071114","-0.181049400855454","0.283682154090617","-0.0755651331613718","0.357320882445772","-0.188450278077078","0","0","1","0","1"
"ACH.000545","BL2","ND","0","-0.0735190082824523","0.44793809383877","-0.120057465634897","0.00173049923270317","-0.227957902068981","0.0480948182975806","0","1","0","0","0"
"ACH.000949","ND","ND","0","0.0226706283127088","-0.410389525582003","0.097180048105702","-0.0504674524656893","0.175520510225183","-0.0346208682970364","0","0","0","0","0"
"ACH.000124","MSL","ND","0","-0.179373319837616","-0.0426965313829845","-0.00778180472567778","0.181941859579238","0.254078645204123","-0.0342725917219012","0","0","0","0","1"
"ACH.000560","BL2","ND","0","-0.134032063212198","0.29667722380035","0.0189484224159511","-0.0260445576343314","-0.0656174834840718","-0.0971147462478641","0","1","0","0","0"
"ACH.000897","ND","ND","1","0.181049400855454","-0.0275029657927101","-0.235010502715469","0.00390722782729835","-0.276281276868994","0.214766926785734","0","0","0","0","0"
"ACH.001626","ND","ND","0","0.0473982651473101","-0.104863900044623","0.128372568866251","-0.116444096167869","0.0143119905094633","-0.117684831466789","0","0","0","0","0"
"ACH.000619","LAR","ND","0","-0.0490308115932565","-0.106583515634353","-0.102099454729487","0.219011547545194","0.0396491113505513","0.0486390004462294","0","0","0","1","0"
"ACH.001973","M","ND","0","0.172864901339776","-0.315310020570085","0.239363959904659","-0.0620258813029897","-0.0653998106246123","-0.129743907880846","0","0","1","0","0"
"ACH.001340","BL2","ND","0","0.106561748348407","0.326237198114953","-0.179547458125184","-0.11692297645868","-0.363459257082531","0.169708644877613","0","1","0","0","0"
"ACH.000546","BL2","ND","1","0.090824000609484","0.296829594801972","-0.378391615241454","0.155864651015988","-0.581262720257725","0.225824708046277","0","1","0","0","0"
"ACH.001709","LAR","ND","0","-0.0571282419651506","-0.228567386075467","-0.118838497621924","0.27619420772521","0.180418149563022","-0.0301368073921703","0","0","0","1","0"
"ACH.002018","LAR","ND","0","-0.163200226379774","-0.114963920723545","-0.175498742939237","0.464524765729585","-0.103884372177055","-0.0202762268586541","0","0","0","1","0"
"ACH.000153","BL2","ND","0","-0.121842383082465","0.485334291093915","-0.0875806750035372","0.0257833502029799","-0.335705967501442","-0.00397252968513621","0","1","0","0","0"
"ACH.000526","ND","ND","0","0.138211382113821","-0.16322199366572","-0.0123094002024358","0.033010089137036","0.103383724600298","0.0363622511727125","0","0","0","0","0"
"ACH.000116","ND","ND","0","0.0493790881683917","0.0701886135327217","-0.151576495684636","0.0122658656305439","-0.155189865151664","0.103166051740839","0","0","0","0","0"
"ACH.000815","ND","ND","0","-0.176587107236534","0.166160577268423","0.115333964584626","-0.0106986210424353","-0.106866490351651","-0.258170894961962","0","0","0","0","0"
"ACH.001270","ND","ND","0","0.100924021288406","0.156735342453826","-0.0323570705586574","-0.180635822422481","-0.0671847280721803","0.129548002307332","0","0","0","0","0"
"ACH.000324","MSL","ND","0","-0.118250780901383","0.00338481296459551","0.120188069350573","0.0293967196700079","0.395217727277674","-0.0353827233051447","0","0","0","0","1"
"ACH.001561","ND","ND","0","0.0869711909970505","-0.28329034294359","0.0032977438208117","-0.0209510127229786","0.0178818254045994","0.0788302260532645","0","0","0","0","0"
"ACH.000842","ND","ND","1","0.190605239385727","0.0801362632100217","-0.17408386935275","-0.233748000130604","-0.147527780498689","0.218010252391681","0","0","0","0","0"
"ACH.000898","ND","ND","0","-0.02395489818352","0.168446142292748","-0.149552138091662","-0.018991956987843","0.126544116846791","0.158302587041935","0","0","0","0","0"
"ACH.000517","BL2","ND","0","-0.0217781695889248","0.243804486237633","-0.191323559821944","-0.0632013147440711","0.0414993306559572","0.149486836233824","0","1","0","0","0"
"ACH.001415","BL2","ND","0","-0.0601756619975838","0.325518877678737","0.121211131790033","-0.219316289548438","-0.0799403576365081","-0.0649426976197473","0","1","0","0","0"
"ACH.000681","ND","ND","0","0.015813933239734","-0.113200770561923","-0.0399538533537946","0.182616645443563","-0.0451127001229852","-0.0106115518986515","0","0","0","0","0"
"ACH.001310","M","ND","0","0.105168642047866","-0.347482069198202","0.445151881237688","-0.224583972747358","0.148724981225716","-0.28775263656251","0","0","1","0","0"
"ACH.000070","ND","ND","0","0.154340940999771","-0.0619388121592059","-0.17236425376302","0.0387131180548753","-0.105016271046245","0.159086209335989","0","0","0","0","0"
"ACH.000484","ND","ND","0","0.0590872977002862","-0.226521261196548","-0.0278077077959535","0.0346644028689283","-0.0572153111089344","0.069143783807316","0","0","0","0","0"
"ACH.000108","MSL","ND","0","-0.125085708688412","0.0635931258910983","0.141215267574363","0.0378641939029832","0.352749752397122","-0.0446120525462283","0","0","0","0","1"
"ACH.000808","ND","ND","0","0.136905344957064","-0.291061264026295","0.171558864183019","-0.070928701254884","0.0330971582808198","-0.135251031225172","0","0","0","0","0"
"ACH.000656","ND","ND","0","0.159129743907881","-0.134206201499766","0.0630271764565035","-0.240299953200335","0.18827613978951","0.00580098170459616","0","0","0","0","0"
"ACH.000166","ND","ND","0","0.0457221841294718","-0.0254133063418988","-0.0982248778311076","0.0789390624829943","-0.145546957477607","0.0272852929332506","0","0","0","0","0"
"ACH.000997","ND","ND","0","-0.0671629607862344","0.0984425506905672","0.143087254165714","-0.0111557340473003","0.193347917414917","-0.00284063081594671","0","0","0","0","0"
"ACH.000866","ND","ND","0","-0.0798750557786702","0.0290049085229808","-0.194545118141944","0.189081529369511","0.0521870680554195","0.12961330416517","0","0","0","0","0"
"ACH.000819","ND","ND","0","0.143653203600309","-0.377651527519291","0.017163504968383","-0.00715055343324518","0.0158574678116259","0.066422873064072","0","0","0","0","0"
"ACH.000226","ND","ND","0","0.139909230417605","0.0571064746792046","-0.0233018796051414","-0.0906498623219164","0.0952209923705663","0.116792372743005","0","0","0","0","0"
"ACH.000087","ND","ND","0","0.0557786702365016","-0.247918503281418","0.126108771127872","0.0184260075532482","0.141781217008957","-0.0836843308192118","0","0","0","0","0"
"ACH.000340","ND","ND","0","-0.0110033630456787","-0.314809372993328","0.0644638173289363","0.0233454141770333","0.190779377673295","0.00930551474189441","0","0","0","0","0"
"ACH.002005","ND","ND","0","-0.0742373287186687","-0.172690763052209","0.0594791088473134","0.192128949401944","-0.000576833077567724","-0.100510442855433","0","0","0","0","0"
"ACH.000758","ND","ND","0","-0.115856379447329","0.156234694877069","0.154145035426258","-0.00377662411162264","0.187644888497078","-0.126130538413818","0","0","0","0","0"
"ACH.000196","ND","ND","0","0.0676636083629913","-0.406166672108488","0.0224311881673034","-0.0200803212851406","0.0788302260532645","0.0238460617537902","0","0","0","0","0"
"ACH.000258","ND","ND","0","0.121189364504087","0.126914160707872","-0.179220948835994","-0.0580424679748806","-0.283899826950077","0.166835363132748","0","0","0","0","0"
"ACH.000163","MSL","ND","0","-0.0805280743570488","-0.19408800513708","0.190539937527889","-0.0689043436619105","0.372840957325236","-0.132769560627333","0","0","0","0","1"
"ACH.000076","BL2","ND","0","0.00192640480621674","0.461869156844179","-0.237970853604118","-0.12079755335706","-0.333180962331712","0.139843928559768","0","1","0","0","0"
"ACH.000509","MSL","M","0","-0.125172777832196","0.0499015030310946","0.237774948030605","0.06100281886353","0.265245262894396","-0.265375866610072","0","0","1","0","1"
"ACH.001193","ND","ND","0","0.151881237687879","-0.137971941968416","0.0847509278305634","-0.149682741807338","-0.068251325083532","0.0131583243543279","0","0","0","0","0"
"ACH.000571","ND","ND","0","0.0995091477019188","-0.220665861277087","-0.0784601821921834","0.148028428075445","-0.173191410628966","0.0265452052110883","0","0","0","0","0"
"ACH.000391","ND","ND","0","-0.0817035077981302","-0.0145296633689228","-0.164919841969504","0.183987984458158","0.102099454729487","0.0983554815467833","0","0","0","0","0"
"ACH.000293","M","ND","0","0.13773250182301","-0.467572185762018","0.264396338742504","-0.0984207834046212","0.0912158117565112","-0.15612585844734","0","0","1","0","0"
"ACH.000532","ND","ND","0","0.106931792209488","-0.377107345370642","-0.117075347460302","0.168141400289505","-0.0454827439840664","0.145372819190039","0","0","0","0","0"
"ACH.000584","BL2","ND","1","-0.000946876938648905","0.422600972997682","-0.27242846725656","-0.102861309737595","-0.340081191976578","0.232441962973847","0","1","0","0","0"
"ACH.001690","ND","ND","0","-0.0712987451159652","0.180526985992751","-0.0902145166029974","-0.006780509572164","0.0174682469716263","0.0995526822738107","0","0","0","0","0"
"ACH.000586","ND","ND","0","0.0911722771846192","-0.333355100619279","-0.0210816164386543","0.0900403783154297","0.0465711082813639","0.047441799719202","0","0","0","0","0"
"ACH.000944","ND","ND","0","0.109326193663543","-0.0880595552943481","0.0399103187819027","0.0360139745975773","-0.216247102230058","-0.0723653421273169","0","0","0","0","0"
"ACH.000561","M","ND","0","0.122865445521925","-0.416353761931194","0.309563457080354","-0.0191878625613565","0.0553868590894744","-0.207387816850056","0","0","1","0","0"
"ACH.001648","BL1","ND","0","0.256494813944123","-0.362806238504152","0.070471588250019","-0.148420239222473","-0.0318346556959546","0.0496402955997431","1","0","0","0","0"
"ACH.000394","M","ND","0","-0.0186654476986537","-0.120405742210033","0.463501703290125","-0.190039289951132","0.0780248364732643","-0.369750002720911","0","0","1","0","0"
"ACH.000954","LAR","ND","0","-0.16128470521653","-0.20666949641384","-0.109304426377597","0.438817601027416","-0.00323244196297385","-0.0738237502856956","0","0","0","1","0"
"ACH.000204","BL2","ND","1","0.162264233084098","0.218489132682491","-0.186186480338699","-0.169055626299235","-0.197657840032216","0.261348918710071","0","1","0","0","0"
"ACH.000160","ND","ND","0","-0.0478336108662291","0.0817035077981302","-0.0850992044056987","0.00231821595324387","0.113984392855977","0.0805280743570488","0","0","0","0","0"
"ACH.000989","BL2","ND","0","-0.200095776058162","0.380807783981454","-0.121972986798141","0.0215387294435193","-0.0198191138537891","0.00671520771432614","0","1","0","0","0"
"ACH.001347","BL2","ND","1","-0.0557351356646097","0.346306635757121","-0.402117956922541","0.130135719027873","-0.358866359747935","0.235337012004658","0","1","0","0","0"
"ACH.000691","ND","ND","0","0.141084663858687","-0.226847770485737","-0.0208857108651408","-0.0674459355035318","0.154819821290582","0.0780901383311022","0","0","0","0","0"
"ACH.000268","ND","ND","0","-0.108716709657056","-0.207910231712759","0.094459137362458","0.130919341321927","0.16402738324572","-0.0868405872813748","0","0","0","0","0"
"ACH.000119","ND","ND","0","0.093087798347863","-0.153883827994906","-0.0835319598175902","0.0840761419662389","0.06100281886353","-0.0141813867937876","0","0","0","0","0"
"ACH.000379","BL2","ND","1","-0.0267846453564937","0.497850480512837","-0.256494813944123","-0.100880486716514","-0.249311609581959","0.196438872019242","0","1","0","0","0"
"ACH.001341","BL2","ND","0","0.140627550853822","0.251227130745203","-0.109696237524624","-0.269337512652235","-0.234139811277631","0.140409877994362","0","1","0","0","0"
"ACH.000714","BL2","ND","0","0.00708525157540732","0.328261555707927","-0.0978548339700265","-0.190191660952754","-0.0132671607840576","0.184749839466266","0","1","0","0","0"
"ACH.000937","MSL","LAR","0","-0.229155102796008","0.0884731337273212","0.0468105484267694","0.205907641405731","0.324844091814412","-0.122996049237601","0","0","0","1","1"
"ACH.000763","ND","ND","0","0.124911570400845","-0.335140018066847","0.00497382483864999","0.121058760788411","0.031181637117576","-0.0453303729824447","0","0","0","0","0"
"ACH.001673","MSL","ND","0","0.0637672641786659","-0.407385640121461","0.174453913213831","-0.0494443900262296","0.209477476300867","-0.12423678453652","0","0","0","0","1"
"ACH.000326","ND","ND","0","0.0748250454392094","-0.113788487282463","-0.0734754737105604","0.177436031388426","0.0541243565046092","0.0490308115932565","0","0","0","0","0"
"ACH.000300","ND","ND","0","0.0920865031943492","-0.161045265071125","-0.0607633787181245","0.0561051795256908","-0.0056921452748664","0.104189114180298","0","0","0","0","0"
"ACH.000901","BL2","ND","0","-0.248941565720878","0.263917458451693","-0.0715381852613707","0.128263732436521","-0.0684907652289374","-0.115704008445707","0","1","0","0","0"
"ACH.000816","M","ND","0","0.187666655783024","-0.316311315723599","0.245632938257093","-0.0972888845354317","-0.0115910797662194","-0.171994209901938","0","0","1","0","0"
"ACH.000641","ND","ND","0","0.111372318542463","-0.386075467180375","0.102708938735974","0.133139604488414","-0.0340113842905497","-0.101228763291649","0","0","0","0","0"
"ACH.000511","BL2","ND","0","-0.0911069753267814","0.195568180581404","-0.0145296633689228","0.0367105277478478","-0.0382777723359563","-0.0778724654716427","0","1","0","0","0"
"ACH.000583","ND","ND","0","0.0301803419640622","0.0831836832424549","0.0179906618343292","-0.0254350736278447","0.0884078318694834","0.00432080626027144","0","0","0","0","0"
"ACH.000836","LAR","ND","0","-0.171798304328425","-0.194240376138701","-0.193805030419782","0.479957771465265","-0.0513163766175814","-0.0716252544051545","0","0","0","1","0"
"ACH.000975","M","ND","0","-0.064180842611639","0.0943938355046201","0.212829638336544","-0.179046810548427","0.124846268543007","-0.19467572185762","0","0","1","0","0"
"ACH.000109","MSL","ND","0","-0.220622326705195","0.0536890107856902","0.0377553574732534","0.0887561084446186","0.233813301988442","0.0300497382483865","0","0","0","0","1"
"ACH.000467","MSL","ND","0","-0.0685996016586672","-0.237905551746281","0.0696444313840729","0.0470499885721749","0.244566341245742","0.00617102556567734","0","0","0","0","1"
"ACH.000712","M","MSL","0","-0.0810722565056976","-0.0634625221754226","0.249028634864662","-0.0346426355829823","0.211392997464111","-0.137210086960307","0","0","1","0","1"
"ACH.000671","BL2","ND","0","0.0130059533527062","0.494454783905269","-0.284683449244131","-0.0632230820300171","-0.445043044807958","0.184336261033293","0","1","0","0","0"
"ACH.000523","ND","ND","0","0.0493573208824458","-0.302206114430622","-0.00240528509702768","-0.0342072898640633","0.187231310064105","0.0373853136121723","0","0","0","0","0"
"ACH.000864","ND","ND","0","-0.0941761626451606","0.151380590111122","0.145438121047877","-0.0209727800089246","0.0341419880062254","-0.210935884459246","0","0","0","0","0"
"ACH.000726","ND","ND","0","0.117075347460302","-0.295567092217107","0.0954821998019177","0.00229644866729792","-0.00871779802135371","-0.109478564665165","0","0","0","0","0"
"ACH.000136","ND","ND","1","0.145764630337066","0.103166051740839","-0.232093686398711","-0.13784133825274","-0.0607198441462326","0.294456960633863","0","0","0","0","0"
"ACH.002067","BL2","ND","0","0.10708416321111","0.212829638336544","-0.105974031627866","0.0149650090878419","-0.38448645530632","0.0525135773446088","0","1","0","0","0"
"ACH.000440","MSL","ND","0","-0.147070667493824","0.108847313372732","0.0588913921267727","0.0266322743548721","0.293891011199269","0.0317258192662248","0","0","0","0","1"
"ACH.001461","LAR","ND","0","-0.229220404653846","0.0871235619986722","-0.165659929691666","0.442147995777147","-0.0114387087645977","-0.112308311838138","0","0","0","1","0"
"ACH.000890","BL1","ND","0","0.196460639305188","-0.378130407810102","0.180526985992751","-0.0826177338078602","-0.0856433865543475","-0.15133705553923","1","0","0","0","0"
"ACH.001692","ND","ND","0","0.0211033837246003","0.0917599939051599","-0.0373417790402804","-0.153666155135447","0.0056486107029745","0.192912571695998","0","0","0","0","0"
"ACH.000027","BL2","ND","0","0.000402694790000109","0.504816012015542","-0.106126402629488","-0.10170764358246","-0.247113113701418","0.029374952384062","0","1","0","0","0"
"ACH.000562","BL2","ND","0","-0.130571064746792","0.39008064779443","-0.00730292443486684","-0.0716252544051545","-0.211349462892219","-0.0649426976197473","0","1","0","0","0"
"ACH.000748","ND","ND","0","0.0223876535954115","0.0773935851808317","0.149029723228959","-0.0367322950337937","0.0620694158748816","-0.0949380176532689","0","0","0","0","0"
"ACH.001669","ND","ND","0","0.002710027100271","-0.392257376389025","0.0639631697521795","0.074999183726777","-0.00908784188243489","-0.114223833001382","0","0","0","0","0"
"ACH.000834","ND","ND","0","0.109870375812192","0.185511694474374","-0.0138548775045983","-0.146504718059229","0.151293520967338","0.177000685669507","0","0","0","0","0"
"ACH.000565","BL2","ND","0","-0.262045471860341","0.435900784710658","-0.124258551822466","0.120101000206789","-0.0460051588467692","0.00127338622783818","0","1","0","0","0"
"ACH.000449","ND","ND","0","0.0485954658743375","0.192542527834917","-0.0832707523862387","-0.110697532678138","-0.0541461237905552","0.171406493181398","0","0","0","0","0"
"ACH.000399","ND","ND","0","0.0119175890554086","-0.292236697467376","0.138341985829497","0.137906640110578","0.132747793341387","-0.102055920157595","0","0","0","0","0"
"ACH.002080","LAR","ND","0","0.0269152490721694","-0.387642711768483","-0.135838747945712","0.253817437772771","-0.0245643821900066","0.0755869004473177","0","0","0","1","0"
"ACH.000770","ND","ND","0","-0.0168152283932478","-0.0550385825143392","-0.191976578400322","0.169273299158694","0.0600668255678541","0.121515873793276","0","0","0","0","0"
"ACH.000710","BL2","ND","0","-0.222646684298168","0.208955061438165","0.0550821170862311","0.121581175651114","-0.104580925327326","-0.205211088255461","0","1","0","0","0"
"ACH.000507","ND","ND","0","0.136883577671118","-0.435791948280929","0.180091640273832","0.0663358039202882","-0.0302238765359541","-0.167357777995451","0","0","0","0","0"
"ACH.000066","ND","ND","0","0.010393879039192","-0.282985600940347","0.0160098388132476","0.169752179449505","0.0694920603824512","-0.0699056388154243","0","0","0","0","0"
"ACH.000022","ND","ND","0","-0.0798968230646162","0.10719299964084","-0.0869058891392127","0.0932619366354306","-0.0328141835635224","0.0766752647446153","0","0","0","0","0"
"ACH.001668","ND","ND","0","0.18289962016086","-0.341909643996038","-0.0385389797673077","-0.0311163352597381","-0.0486390004462294","0.146744158204634","0","0","0","0","0"
"ACH.000334","LAR","ND","0","-0.0960263819505665","-0.00954495488729988","-0.203208497948433","0.322841501507385","0.00871779802135371","0.113070166846247","0","0","0","1","0"
"ACH.000374","ND","ND","0","-0.07186469455056","-0.249594584299257","0.122800143664087","0.133596717493279","0.0888214103024565","-0.102251825731109","0","0","0","0","0"
"ACH.000519","MSL","ND","1","-0.00758589915216421","-0.0812681620792112","-0.197135425169513","0.057411216682448","0.398134543594432","0.231157693103035","0","0","0","0","1"
"ACH.000908","ND","ND","1","0.162329534941936","-0.0187742841283835","0.00379839139756859","-0.221014137852222","0.135055125651658","0.197178959741405","0","0","0","0","0"
"ACH.002003","MSL","ND","0","-0.127806619431656","-0.00543093784351498","0.0367758296056856","0.0661398983467746","0.384943568311185","0.00719408800513708","0","0","0","0","1"
"ACH.000574","ND","ND","0","-0.0408027775056867","0.126261142129494","-0.101141694147865","0.0595008761332593","-0.095329828800296","0.0906933968938083","0","0","0","0","0"
"ACH.000148","M","MSL","0","-0.11703181288841","-0.252184891326825","0.290081736158727","0.082683035665698","0.220883534136546","-0.249768722586824","0","0","1","0","1"
"ACH.002461","ND","ND","0","-0.0993785439862431","-0.102796007879758","0.0353827233051447","0.178045515394913","0.0125706076337872","-0.102491265876514","0","0","0","0","0"
"ACH.000646","M","ND","0","0.193456753844647","-0.279132791327913","0.199420990193838","-0.0773935851808317","-0.0852298081213744","-0.136861810385172","0","0","1","0","0"
"ACH.000314","LAR","ND","0","-0.128176663292737","-0.213286751341409","-0.231593038821955","0.481350877765806","0.0837496326770497","0.0486172331602834","0","0","0","1","0"
"ACH.000040","M","BL1","0","0.209281570727354","-0.418944068958762","0.370446555871181","-0.182812551017076","-0.000119720072702735","-0.222233105865195","1","0","1","0","0"
"ACH.001057","M","ND","0","0.153883827994906","-0.372340309748479","0.276956062733318","-0.141019362000849","-0.0118740544835167","-0.142891348592201","0","0","1","0","0"
"ACH.000430","MSL","ND","0","-0.0992479402705674","-0.0290484430948727","0.12047104406787","0.0965270295273234","0.217661975816545","-0.125238079690034","0","0","0","0","1"
"ACH.001041","BL2","ND","1","0.000685669507297483","0.348918710070635","-0.426954430186872","0.0108945266159489","-0.350616558374419","0.307343193913867","0","1","0","0","0"
"ACH.001977","ND","ND","0","0.098943198267324","0.136317628236523","-0.136840043099226","0.0143337577954093","-0.162220698512206","0.100684581143","0","0","0","0","0"
"ACH.000370","MSL","M","0","-0.0829442430970495","-0.0115257779083815","0.292584974042512","-0.157997845038691","0.417050315081464","-0.168881488011667","0","0","1","0","1"
"ACH.001630","ND","ND","0","0.160631686638152","-0.291278936885754","0.102251825731109","-0.0642679117554228","0.0468105484267694","0.00747706272243445","0","0","0","0","0"
"ACH.000437","ND","ND","0","-0.056496990672718","0.12595640012625","-0.102447731304622","0.0361010437413611","0.0268717145002775","0.106126402629488","0","0","0","0","0"
"ACH.000498","LAR","MSL","0","-0.174170938496534","0.121777081224628","-0.0680336522240724","0.230940020243576","0.213613260630598","0.0618735103013681","0","0","0","1","1"
"ACH.001392","M","ND","0","0.190082824523024","-0.347634440199824","0.244109228240877","-0.117314787605707","0.00769473558189397","-0.167314243423559","0","0","1","0","0"
"ACH.000503","M","MSL","0","-0.0332277619964955","-0.259585768548449","0.453510519040933","-0.108303131224083","0.380045928973346","-0.442888083499309","0","0","1","0","1"
"ACH.000328","ND","ND","0","0.0544944003656904","-0.326411336402521","0.0609157497197462","0.151358822825176","-0.00928374745594846","-0.0845550222570499","0","0","0","0","0"
"ACH.000403","BL2","ND","0","-0.0432842481035252","0.308583929212786","-0.0385389797673077","0.0835101925316442","-0.177871377107345","-0.0683166269413698","0","1","0","0","0"
"ACH.000400","ND","ND","0","0.103274888170568","-0.290299409018187","0.122343030659222","-0.119622119915978","0.143957945603552","-0.0105897846127056","0","0","0","0","0"
"ACH.000224","M","ND","0","-0.0335325039997388","-0.103035448025163","0.218554434540329","-0.0369935024651451","0.142891348592201","-0.191388861679781","0","0","1","0","0"
"ACH.000318","LAR","ND","0","-0.125912865554358","-0.134837452792199","-0.0816164386543464","0.326890216693332","0.146330579771661","0.0449167945494716","0","0","0","1","0"
"ACH.001430","M","ND","0","0.0709069339689381","-0.321230722347384","0.23376976741655","-0.0844679531132661","-0.0173594105418966","-0.219533962407897","0","0","1","0","0"
"ACH.000928","ND","ND","0","0.0165757882478423","-0.171319424037614","0.0254350736278447","0.0977024629684048","0.106888257637596","0.0118087526256789","0","0","0","0","0"
"ACH.000893","BL2","MSL","0","-0.193021408125728","0.277043131877102","0.00253588881270339","0.0746509071516418","0.265179961036558","-0.0620694158748816","0","1","0","0","1"
"ACH.000889","BL1","ND","1","0.430415428652279","-0.533984175183117","-0.0818776460856978","-0.145329284618147","-0.0589566939846105","0.20462337153492","1","0","0","0","0"
"ACH.000799","BL2","ND","1","0.0788955279111024","0.227609625493845","-0.167597218140856","-0.149095025086797","-0.288993371861429","0.2490939367225","0","1","0","0","0"
"ACH.001623","BL1","ND","0","0.206168848837083","0.0875806750035372","0.165246351258693","-0.295371186643593","-0.271296568387371","-0.0525135773446088","1","0","0","0","0"
"ACH.000736","BL2","ND","0","-0.203099661518704","0.496631512499864","-0.0803757033554271","0.12229949608733","-0.223691514023574","-0.176325899805183","0","1","0","0","0"
"ACH.000876","BL2","ND","0","-0.103819070319217","0.236795420163037","-0.167227174279775","0.185772901905726","0.0968970733884046","0.157344826460313","0","1","0","0","0"
"ACH.001232","ND","ND","0","-0.00436434083216334","0.121124062646249","-0.0322264668429817","-0.111916500691111","0.180352847705184","0.105059805618137","0","0","0","0","0"
"ACH.001618","BL2","ND","0","-0.111568224115976","0.417833937375518","0.0339243151467659","-0.0233018796051414","-0.224344532601953","-0.107062395925164","0","1","0","0","0"
"ACH.000235","LAR","MSL","0","-0.31850981160414","0.086775285423537","-0.00780357201162373","0.333659842622523","0.241127110066281","-0.106561748348407","0","0","0","1","1"
"ACH.000381","MSL","ND","0","-0.227435487206278","0.156299996734907","0.148376704650581","0.0677506775067751","0.251401269032771","-0.0785037167640753","0","0","0","0","1"
"ACH.001993","ND","ND","1","0.11052339439057","0.0718864618365059","-0.25253316790196","-0.0753909948738042","-0.154036198996528","0.304056333736028","0","0","0","0","0"
"ACH.001301","M","ND","0","0.104189114180298","-0.323320381798195","0.305863018469542","-0.0884513664413753","0.0098496968905432","-0.24726548470304","0","0","1","0","0"
"ACH.000854","BL2","ND","0","-0.067315331787856","0.260282321698719","-0.183313198593833","0.0244990803321688","-0.166487086557613","0.0750644855846149","0","1","0","0","0"
"ACH.000187","M","MSL","0","0.101076392290027","-0.410215387294435","0.353119796258204","-0.0954386652300258","0.259585768548449","-0.306211295044677","0","0","1","0","1"
"ACH.000543","ND","ND","0","-0.00188287023432483","-0.00712878614729922","0.164223288819234","0.0452433038386609","-0.175346371937615","-0.215768221939248","0","0","0","0","0"
"ACH.000569","ND","ND","0","0.0303544802516298","-0.0378424266170373","-0.165398722260315","0.0834013561019144","0.14402324746139","0.112025337120841","0","0","0","0","0"
"ACH.000668","MSL","ND","0","-0.172908435911668","-0.0926089180570521","0.0648773957619094","0.107149465068948","0.429893013789576","-0.0684907652289374","0","0","0","0","1"
"ACH.000134","ND","ND","0","-0.0606763095743407","0.00797771029919135","-0.0454174421262285","0.126827091564088","0.0874065367159696","0.0996615187035405","0","0","0","0","0"
"ACH.000924","LAR","ND","0","-0.118903799479762","-0.0894308943089431","-0.142107726298147","0.415025957488491","-0.0650297667635311","0.00392899511324431","0","0","0","1","0"
"ACH.001450","ND","ND","0","0.154906890434366","0.0642896790413687","-0.0383648414797401","-0.115660473873815","-0.177936678965183","0.128503172581927","0","0","0","0","0"
"ACH.000296","BL2","ND","0","-0.164680401824099","0.415657208780923","-0.235902961439253","0.145394586475985","-0.21354795877276","0.0864923107062396","0","1","0","0","0"
"ACH.000713","M","BL1","0","0.274300453847912","-0.409279393998759","0.344782925740904","-0.19946452476573","-0.0448079581197418","-0.20301259237492","1","0","1","0","0"
"ACH.001360","ND","ND","1","0.0149867763737878","0.0248255896213581","-0.271165964671695","0.164636867252207","-0.050162710462446","0.233312654411685","0","0","0","0","0"
"ACH.000273","BL2","ND","0","-0.188863856510051","0.339841751831173","0.0656610180559637","0.0151391473754095","-0.0435454555348766","-0.152055375975447","0","1","0","0","0"
"ACH.001715","ND","ND","0","0.135011591079766","0.0456786495575799","-0.164876307397612","0.0197755792818972","-0.21903331483114","0.120536345925708","0","0","0","0","0"
"ACH.001617","LAR","ND","0","-0.203948585670596","0.181789488577617","-0.265375866610072","0.41615785635768","0.0737584484278578","0.150705804246797","0","0","0","1","0"
"ACH.000639","ND","ND","1","0.0114387087645977","0.167662519998694","-0.249703420728986","0.0364275530305504","0.00945788574351607","0.259085120971692","0","0","0","0","0"
"ACH.000590","BL2","ND","0","-0.0234107160348712","0.241431852069525","-0.00852189244784014","-0.135120427509496","-0.0277641732240616","-0.0195579064224377","0","1","0","0","0"
"ACH.000553","ND","ND","0","0.0639196351802876","-0.323276847226304","-0.102534800448406","0.156517669594367","0.064637955616504","0.00884840173702942","0","0","0","0","0"
"ACH.000084","ND","ND","0","0.0315516809786572","-0.0891479195916457","-0.138080778398145","0.143152556023552","-0.0498797357451486","0.0647903266181256","0","0","0","0","0"
"ACH.000094","MSL","ND","0","-0.160979963213287","-0.0925653834851602","0.115616939301923","0.037515917327848","0.349027546500365","-0.0272417583613587","0","0","0","0","1"
"ACH.000361","ND","ND","0","0.0793308736300214","-0.344608787453336","0.0722782729835331","-0.021712867731087","0.113353141563544","0.0607633787181245","0","0","0","0","0"
"ACH.000719","MSL","ND","0","-0.139756859415984","0.16300432080626","0.173626756347885","-0.121058760788411","0.216900120808437","-0.188667950936537","0","0","0","0","1"
"ACH.001396","LAR","ND","0","-0.09713651353381","0.021255754726222","-0.20381798195492","0.28877569900197","-0.0415210979419031","0.067315331787856","0","0","0","1","0"
"ACH.001848","LAR","ND","0","-0.0218652387327086","-0.0675112373613696","-0.202773152229514","0.216813051664653","-0.0317040519802788","0.125869330982466","0","0","0","1","0"
"ACH.000339","ND","ND","0","0.10708416321111","-0.358801057890097","0.0801144959240757","-0.0681860232256941","0.0840979092521849","-0.0360139745975773","0","0","0","0","0"
"ACH.002048","MSL","ND","1","-0.0571500092510965","0.183639707883023","-0.180461684134914","0.0282648208008185","0.221754225574384","0.221318879855465","0","0","0","0","1"
"ACH.000218","MSL","ND","0","-0.114659178720301","-0.0112210359051382","0.129025587444629","0.0783078111905617","0.274931705140345","-0.0741720268608309","0","0","0","0","1"
"ACH.000789","MSL","ND","0","-0.164745703681936","0.0281124497991968","0.0230189048878441","0.151380590111122","0.197962582035459","0.0074552954364885","0","0","0","0","1"
"ACH.000413","M","BL1","0","0.199181550048432","-0.453749959186339","0.216595378805194","0.0224094208813574","-0.0570411728213668","-0.144262687606796","1","0","1","0","0"
"ACH.000125","M","MSL","0","0.0232148104613576","-0.171754769756533","0.3617396414928","-0.113744952710571","0.320316496337654","-0.282920299082509","0","0","1","0","1"
"ACH.000180","BL2","ND","0","-0.174519215071669","0.447916326552824","-0.191410628965727","0.111002274681381","-0.21559408365168","0.102251825731109","0","1","0","0","0"
"ACH.000215","ND","ND","0","-0.0100456024640568","-0.0919994340505654","0.148137264505175","0.0259574884905476","0.0959175455208367","-0.125063941402466","0","0","0","0","0"
"ACH.001001","ND","ND","0","-0.00599688727810973","0.191780672826809","-0.166791828560856","0.0509898673283922","-0.365810123964693","-0.00893547088081323","0","0","0","0","0"
"ACH.000407","LAR","ND","0","0.00895723816675918","0.146265277913823","-0.270970059098181","0.207866697140867","-0.177958446251129","0.0663575712062342","0","0","0","1","0"
"ACH.002027","ND","ND","0","0.0418476072310924","-0.0850556698338068","-0.0358833708819016","0.116901209172734","-0.245241127110066","-0.083597261675428","0","0","0","0","0"
"ACH.001132","BL1","ND","0","0.198180254894918","-0.0242378729008174","0.0977024629684048","-0.216551844233302","-0.169273299158694","-0.0914334846159707","1","0","0","0","0"
"ACH.001278","BL2","ND","0","-0.18951687508843","0.282006073072779","-0.101751178154352","0.179395087123562","-0.183530871453293","-0.0599579891381243","0","1","0","0","0"
"ACH.000032","ND","ND","0","0.0253697717700069","-0.368117456274964","0.105016271046245","0.0937408169262416","0.14574286305112","-0.107410672500299","0","0","0","0","0"
"ACH.001419","BL2","ND","0","-0.235337012004658","0.368226292704694","-0.0818994133716438","0.138102545684091","-0.29495760821062","-0.158324354327881","0","1","0","0","0"
"ACH.000494","LAR","ND","0","-0.185816436477618","0.183661475168969","0.0181212655500049","0.205276390113299","0.14413208389112","-0.0801797977819136","0","0","0","1","0"
"ACH.000865","MSL","ND","0","-0.109892143098138","0.0613075608667733","0.0374723827559561","-0.0970494443900262","0.346328403043067","0.0513381439035274","0","0","0","0","1"
"ACH.000439","LAR","ND","0","-0.196983054167891","0.0663793384921801","-0.0284389590883861","0.208367344717624","0.0642461444694768","-0.0100673697500027","0","0","0","1","0"
"ACH.001523","MSL","ND","0","-0.18494574503978","0.0987908272657024","0.0877330460051589","0.0698838715294784","0.279328696901427","-0.0386913507689294","0","0","0","0","1"
"ACH.000024","ND","ND","0","-0.108477269511651","0.126652953276521","-0.0541243565046092","0.0799185903505621","0.0168587629651397","0.0796138483473188","0","0","0","0","0"
"ACH.000674","ND","ND","0","0.101294065149487","0.0487478368759591","0.0730401279916414","-0.142956650450039","-0.285249398678726","-0.1305275301749","0","0","0","0","0"
"ACH.000670","M","ND","0","0.053776079929474","-0.18370500974086","0.250944156027906","-0.0880377880084022","0.085382179122996","-0.108368433081921","0","0","1","0","0"
"ACH.000599","LAR","ND","0","0.00810831401486706","-0.0270240855018992","-0.192607829692755","0.201706555218163","-0.105233943905704","0.115791077589491","0","0","0","1","0"
"ACH.000263","MSL","ND","0","-0.240952971778714","0.00971909317486749","0.131028177751657","0.144066782033282","0.313503335836571","-0.0394314384910917","0","0","0","0","1"
"ACH.000303","ND","ND","0","0.123605533244087","-0.171863606186263","0.173300247058696","-0.0761963844538044","-0.0538196145013659","-0.123518464100304","0","0","0","0","0"
"ACH.001551","ND","ND","0","0.0976806956824588","-0.455600178491745","0.132943698914901","0.102687171450028","0.132421284052198","-0.0563881542429882","0","0","0","0","0"
"ACH.000793","BL2","ND","0","-0.0966358659570531","0.443323429218228","-0.103688466603542","-0.0270240855018992","-0.0938061187840794","0.0606545422883948","0","1","0","0","0"
"ACH.002511","ND","ND","0","0.0833142869581306","-0.169338601016532","0.0337066422873064","-0.0640937734678552","-0.0508374963267705","-0.0479424472959589","0","0","0","0","0"
"ACH.000286","BL2","ND","0","-0.0543637966500147","0.418334584952275","-0.106431144632731","-0.128263732436521","-0.233007912408441","0.0525571119165007","0","1","0","0","0"
"ACH.000250","BL2","ND","0","-0.0364493203164963","0.359236403609016","-0.275258214429534","0.0536019416419064","-0.227065443345197","0.146439416201391","0","1","0","0","0"
"ACH.000299","ND","ND","0","0.0734754737105604","-0.354556437130636","0.109761539382462","-0.00928374745594846","0.0942414645029985","-0.0252391680543311","0","0","0","0","0"
"ACH.000139","ND","ND","0","0.0339896170046038","-0.252228425898717","-0.0188395859862213","0.0510116346143381","-0.0127012113494629","-0.0482036547273103","0","0","0","0","0"
"ACH.001735","BL2","ND","1","0.056932336391637","0.276760157159805","-0.199551593909513","-0.0548426769408256","-0.247635528564121","0.196177664587891","0","1","0","0","0"
"ACH.001389","MSL","ND","0","-0.0522088353413655","0.109652702952732","0.11154645683003","-0.116574699883545","0.219991075412762","0.0211033837246003","0","0","0","0","1"
"ACH.001183","M","ND","0","0.183509104167347","-0.354469367986853","0.252250193184663","-0.0804845397851569","0.0272635256473047","-0.161524145361936","0","0","1","0","0"
"ACH.000551","BL2","ND","0","-0.0351650504456852","0.399484115323081","-0.188711485508429","-0.0718211599786681","-0.198202022180864","0.177827842535453","0","1","0","0","0"
"ACH.001163","M","ND","0","-0.134380339787334","-0.147832522501932","0.212916707480328","0.117336554891653","0.159151511193827","-0.190278730096538","0","0","1","0","0"
"ACH.000037","BL1","ND","0","0.202838454087352","-0.440145405470119","0.123670835101925","-0.00286239810189267","0.0191225607035187","-0.0368628987494694","1","0","0","0","0"
"ACH.000744","M","ND","0","-0.108977917088408","-0.00843482330405633","0.267291387773316","-0.0789172951970484","0.13224714576463","-0.155646978156529","0","0","1","0","0"
"ACH.000420","LAR","ND","0","-0.0810940237916435","-0.0365799240321721","-0.11337490884949","0.251749545607906","0.0411728213667679","0.0780683710451562","0","0","0","1","0"
"ACH.000336","M","ND","0","0.108259596652191","-0.227522556350062","0.241540688499254","-0.114332669431112","0.120492811353816","-0.105495151337056","0","0","1","0","0"
"ACH.000486","M","BL1","0","0.207191911276542","-0.351334878810636","0.220099911842492","-0.135882282517604","0.0658786909154232","-0.0788302260532645","1","0","1","0","0"
"ACH.000679","ND","ND","0","0.115246895440842","-0.295109979212242","0.173909731065182","-0.0832054505284009","0.113657883566787","-0.177196591243021","0","0","0","0","0"
"ACH.001557","BL2","ND","0","0.129852744310576","0.235881194153307","-0.09896496555327","-0.0494008554543377","-0.522817557492844","0.0978330666840805","0","1","0","0","0"
"ACH.000247","M","ND","0","0.136731206669496","-0.339058129537119","0.424951839879845","-0.188907391081943","0.0452650711246068","-0.269533418225749","0","0","1","0","0"
"ACH.000947","BL2","ND","0","-0.0502497796062298","0.234118043991685","-0.261980170002503","0.179308017979778","-0.0128753496370305","0.0802450996397514","0","1","0","0","0"
"ACH.000807","ND","ND","0","0.0150738455175716","0.040672173790011","-0.12525984697598","0.0705368901078569","0.107062395925164","0.101446436151109","0","0","0","0","0"
"ACH.000476","ND","ND","0","-0.0430448079581197","0.109173822661921","-0.0923259433397547","0.0934143076370523","0.0427400659548764","0.0766970320305613","0","0","0","0","0"
"ACH.000525","ND","ND","0","0.0574765185402858","0.163243760951666","-0.135577540514361","-0.0213645911559517","-0.289864063299268","0.10638761006084","0","0","0","0","0"
"ACH.001148","ND","ND","0","0.0986166889781348","-0.205689968546272","0.163896779530044","-0.188842089224105","0.122734841806249","-0.106953559495434","0","0","0","0","0"
"ACH.000853","ND","ND","0","0.0999227261348919","-0.0824653628062385","-0.120079232920843","0.027546500364602","-0.0246296840478445","0.10342725917219","0","0","0","0","0"
"ACH.000083","MSL","M","0","-0.0775241888965074","-0.333986351911712","0.198746204329513","-0.057824795115421","0.308823369358192","-0.134358572501388","0","0","1","0","1"
"ACH.000479","BL2","ND","0","-0.0976806956824588","0.406645552399299","-0.306276596902515","-0.00704171700351542","-0.350485954658743","0.156256462163015","0","1","0","0","0"
"ACH.000230","ND","ND","0","-0.0653998106246123","0.105386314907326","-0.061481699154341","0.132965466200847","-0.155646978156529","-0.0366452258900099","0","0","0","0","0"
"ACH.001664","ND","ND","1","0.129918046168414","-0.0645944210446121","-0.240626462489525","-0.0746726744375878","0.0595008761332593","0.242389612651147","0","0","0","0","0"
"ACH.000955","M","ND","0","0.153252576702474","-0.3784133825274","0.307800306918732","-0.0809416527900219","0.153339645846258","-0.251031225171689","0","0","1","0","0"
"ACH.000049","M","ND","0","0.112896028558679","-0.38986297493497","0.238710941326281","-0.0359269054537935","0.0427400659548764","-0.181375910144644","0","0","1","0","0"
"ACH.000675","ND","ND","0","0.0641373080397471","-0.0252174007683852","0.0809634200759678","-0.0948509485094851","-0.0121134946289222","-0.101294065149487","0","0","0","0","0"
"ACH.000199","ND","ND","1","0.168903255297613","-0.136056420805172","-0.230613510954387","0.0214298930137896","-0.121211131790033","0.334312861200901","0","0","0","0","0"
"ACH.000193","ND","ND","0","-0.0396055767786594","-0.18757958663924","0.146461183487337","0.105495151337056","0.104297950610028","-0.115072757153274","0","0","0","0","0"
"ACH.000538","M","MSL","0","-0.00728115714892089","-0.319184597468465","0.285162329534942","-0.0340549188624416","0.247417855704661","-0.218097321535464","0","0","1","0","1"
"ACH.001647","ND","ND","0","-0.0916293901894842","0.187035404490591","-0.0526441810602845","0.113287839705706","-0.107802483647326","-0.0231712758894657","0","0","0","0","0"
"ACH.001649","LAR","ND","1","0.0236066216083848","-0.20392681838465","-0.22075293042087","0.222777288013844","-0.0572370783948803","0.20634298712465","0","0","0","1","0"
"ACH.000155","M","ND","0","-0.065051534049477","-0.183726777026806","0.229133335510062","-0.0062798619954071","0.186687127915456","-0.0962875893819179","0","0","1","0","0"
"ACH.000270","LAR","ND","1","0.0955692689457015","-0.242237241649525","-0.296045972507918","0.276455415156561","-0.117358322177599","0.280373526626833","0","0","0","1","0"
"ACH.000683","BL2","ND","0","-0.0679248157943427","0.236838954734929","0.105538685908947","-0.0201891577148703","-0.140671085425714","-0.157758404893286","0","1","0","0","0"
"ACH.002017","M","ND","0","0.143065486879768","-0.339014594965227","0.456035524210664","-0.104842132758677","0.0134412990716253","-0.37120841087929","0","0","1","0","0"
"ACH.000655","BL2","ND","1","0.0876024422894831","0.317160239875491","-0.241018273636552","-0.199638663053297","-0.329763498438197","0.217291931955464","0","1","0","0","0"
"ACH.000145","MSL","ND","0","-0.184575701178699","9.79527867567832e-05","0.0915640883316464","-0.0317911211240626","0.316137177436031","-0.0471152904300127","0","0","0","0","1"
"ACH.001495","ND","ND","0","-0.0350997485878473","0.0100891370359487","-0.0646597229024499","0.160849359497611","-0.0738237502856956","-0.0309204296862246","0","0","0","0","0"
"ACH.000188","BL1","ND","0","0.195851155298702","-0.136644137525713","-0.150879942534365","0.104276183324082","-0.0135936700732469","0.105451616765164","1","0","0","0","0"
"ACH.000080","ND","ND","0","0.0567146635321775","-0.151249986395446","-0.0201891577148703","-0.0308115932564948","0.00664990585648828","0.0407592429337948","0","0","0","0","0"
"ACH.000146","BL2","ND","1","0.0590655304143403","0.335292389068469","-0.321208955061438","-0.0860787322732665","-0.374887082204155","0.217096026381951","0","1","0","0","0"
"ACH.000415","LAR","ND","0","-0.051512282191095","-0.0403456645008217","-0.174105636638696","0.233987440276009","0.181049400855454","0.154602148431123","0","0","0","1","0"
"ACH.001518","ND","ND","0","0.0591525995581241","-0.0652256723370447","-0.210870582601408","0.0755433658754258","0.0521870680554195","0.167140105135991","0","0","0","0","0"
"ACH.000891","ND","ND","0","-0.0543420293640687","0.00889193630892132","-0.0566928962462315","0.138146080255983","0.0505762888954191","0.0382342377640644","0","0","0","0","0"
"ACH.001625","ND","ND","0","-0.134315037929496","0.13224714576463","-0.00408136611486597","0.161524145361936","-0.0256962810591961","-0.0446555871181202","0","0","0","0","0"
"ACH.000895","ND","ND","0","-0.0868188199954289","0.146004070482472","0.0798532884927243","0.0512293074737976","-0.131768265473819","-0.1711235184641","0","0","0","0","0"
"ACH.000851","BL2","ND","0","0.0100238351781108","0.321992577355492","-0.163875012244098","-0.00878309987919156","-0.269946996658722","0.139473884698686","0","1","0","0","0"
"ACH.000824","LAR","ND","0","-0.0615687682981247","0.00340658025054146","-0.118773195764086","0.32205787921333","0.0729530588478576","-0.010850992044057","0","0","0","1","0"
"ACH.000506","LAR","ND","0","-0.0232365777473036","-0.145590492049499","-0.188885623795997","0.273799806271155","0.0128535823510846","0.118838497621924","0","0","0","1","0"
"ACH.000540","ND","ND","0","0.0927395217727278","-0.309236947791165","0.150379294957608","-0.0114604760505436","-0.0232583450332495","-0.0566711289602856","0","0","0","0","0"
"ACH.000061","LAR","ND","0","-0.0647467920462337","-0.109957444955976","-0.121929452226249","0.214179210065193","-0.00958848945919178","0.0839890728224551","0","0","0","1","0"
"ACH.000185","MSL","M","0","-0.00362425311000098","-0.259498699404665","0.262110773718179","-0.0791785026283998","0.302597925577649","-0.095329828800296","0","0","1","0","1"
"ACH.000568","BL2","ND","0","-0.00131692079973009","0.256255373798718","-0.0579553988310968","-0.06191704487326","-0.162003025652747","0.0458092532732556","0","1","0","0","0"
"ACH.000707","BL2","ND","0","-0.0204721324321677","0.282702626223049","-0.227696694637629","0.0364928548883882","-0.310760657807381","0.112896028558679","0","1","0","0","0"
"ACH.000983","MSL","M","0","-0.15521163243761","0.0898227054559702","0.201575951502487","-0.117488925893275","0.393715784547404","-0.0979636703997562","0","0","1","0","1"
"ACH.000541","LAR","ND","0","-0.189168598513294","-0.153579085991663","-0.352902123398744","0.565024324942045","0.00808654672892111","0.0481383528694725","0","0","0","1","0"
"ACH.000680","BL1","ND","0","0.205711735832218","-0.153230809416528","0.0505762888954191","-0.311065399810625","0.056475223386772","0.148202566363013","1","0","0","0","0"
"ACH.002460","LAR","ND","0","-0.1587597000468","-0.326650776547926","-0.223691514023574","0.448264603127959","0.110958740109489","0.0204068305743298","0","0","0","1","0"
"ACH.000111","ND","ND","0","0.170056921452749","-0.256908392377096","-0.0406068719321731","0.0462010644202828","-0.0648991630478554","0.0850556698338068","0","0","0","0","0"
"ACH.002463","M","BL1","0","0.206234150694921","-0.398504587455513","0.360433604336043","-0.126478814988953","-0.051534049477041","-0.217052491810059","1","0","1","0","0"
"ACH.000369","ND","ND","0","-0.0595661779910972","-0.00410313340081192","-0.0630271764565035","0.150052785668419","0.0422829529500114","0.0659439927732611","0","0","0","0","0"
"ACH.000618","ND","ND","0","0.0348603084424419","0.0798315212067783","-0.0430230406721738","0.0356003961646042","-0.0544726330797445","0.0239766654694659","0","0","0","0","0"
"ACH.000470","M","BL1","0","0.230374070808981","-0.414786517343085","0.326716078405764","-0.188145536073835","-0.037058804322983","-0.151924772259771","1","0","1","0","0"
"ACH.002039","ND","ND","0","0.164789238253828","-0.0797009174911026","-0.0445249834024445","-0.00645400028297472","-0.121798848510573","0.0411510540808219","0","0","0","0","0"
"ACH.000118","BL2","ND","0","-0.112917795844625","0.215071668788977","0.0249997279089257","0.122974281951655","-0.290952427596565","-0.152033608689501","0","1","0","0","0"
"ACH.000614","ND","ND","0","0.0424353239516331","-0.0649426976197473","0.107628345359759","-0.0596750144208269","0.109304426377597","-0.00584451627648807","0","0","0","0","0"
"ACH.001386","ND","ND","0","-0.0124617712040574","-0.40621020668038","0.1289167510149","0.113287839705706","0.0993132421284052","-0.185468159902483","0","0","0","0","0"
"ACH.001060","ND","ND","0","0.063701962320828","-0.0641155407538011","0.0125923749197331","-0.0490743461651484","-0.0186654476986537","0.0605239385727191","0","0","0","0","0"
"ACH.001539","ND","ND","0","0.105538685908947","-0.0239984327554119","-0.135185729367334","-0.0390613946300106","-0.0407157083619029","0.189821617091673","0","0","0","0","0"
"ACH.000014","BL2","ND","0","-0.13407559778409","0.367660343270099","0.0340113842905497","-0.0609157497197462","-0.119317377912735","-0.055125651658123","0","1","0","0","0"
"ACH.000637","ND","ND","0","-0.000838040508919146","-0.065073301335423","0.00621456013756925","0.170296361598154","0.0527530174900143","-0.050619823467311","0","0","0","0","0"
"ACH.000455","ND","ND","0","0.143413763454904","-0.268140311925208","0.179068577834373","-0.203143196090595","-0.00958848945919178","-0.0425659276673088","0","0","0","0","0"
"ACH.000389","LAR","ND","0","-0.0874500712878615","0.0272852929332506","-0.188559114506808","0.261827799000882","0.0815511367965085","0.108760244228948","0","0","0","1","0"
"ACH.000129","MSL","BL2","0","-0.222864357157628","0.195829388012756","0.00456024640567691","0.119970396491114","0.270534713379262","-0.0823565263765087","0","1","0","0","1"
"ACH.000490","LAR","ND","0","-0.255732958936015","0.00508266126837975","-0.0107421556143272","0.441473209912822","-0.0331406928527117","-0.223974488740871","0","0","0","1","0"
"ACH.000434","ND","ND","0","0.123561998672196","-0.172451322906803","-0.080441005213265","0.093980257071647","0.087645976861375","0.052426508200825","0","0","0","0","0"
"ACH.001086","ND","ND","0","0.0412816577964976","-0.0430448079581197","-0.0779595346154265","0.0194708372786539","0.0830530795267792","0.139539186556524","0","0","0","0","0"
"ACH.002042","MSL","ND","0","-0.246568931552769","0.0098061623186513","0.184183890031671","0.138494356831119","0.234553389710604","-0.168859720725721","0","0","0","0","1"
"ACH.000597","LAR","ND","0","-0.171972442615992","0.0911940444705652","-0.148354937364635","0.311631349245219","0.00403783154297406","-0.00299300181756838","0","0","0","1","0"
"ACH.000756","MSL","LAR","0","-0.274822868710615","0.093066031061917","0.067794212078667","0.22554173332898","0.300834775416027","-0.0148779399440581","0","0","0","1","1"
"ACH.000089","LAR","ND","0","-0.0607198441462326","0.00403783154297406","-0.0394749730629836","0.218706805541951","0.167270708851667","-0.0044296426900012","0","0","0","1","0"
"ACH.000371","M","ND","0","0.161676516363557","-0.339885286403065","0.224388067173844","-0.0577377259716372","0.0927177544867818","-0.128633776297602","0","0","1","0","0"
"ACH.000132","ND","ND","1","-0.00512619584027166","0.182921387446806","-0.322471457646303","0.0895832653105647","-0.0843591166835363","0.235750590437631","0","0","0","0","0"
"ACH.000216","M","ND","0","-0.0961352183802963","-0.111785896975436","0.231310064104657","0.0548426769408256","0.014029015792166","-0.188798554652213","0","0","1","0","0"
"ACH.000613","ND","ND","0","-0.0149867763737878","-0.340473003123606","0.142499537445174","0.131006410465711","0.136861810385172","-0.132399516766252","0","0","0","0","0"
"ACH.000855","ND","ND","0","-0.0431318771019035","-0.135229263939226","-0.0636366604629902","0.167053035992207","0.0785690186219131","0.103557862887866","0","0","0","0","0"
"ACH.000906","ND","ND","0","0.0955692689457015","-0.217357233813302","-0.0954168979440799","0.118272548187329","0.0692961548089377","0.120101000206789","0","0","0","0","0"
