"","x"
"1","BRD.A00578795.001.04.3..2.5..HTS"
"2","BRD.A00758722.001.04.9..2.5..HTS"
"3","BRD.A01643550.001.04.9..2.5..HTS"
"4","BRD.A03216249.003.24.3..2.5..HTS"
"5","BRD.A03506276.001.01.5..2.5..HTS"
"6","BRD.A03623303.045.09.5..2.5..HTS"
"7","BRD.A03932035.004.04.3..2.5..HTS"
"8","BRD.A06352418.001.25.9..2.5..HTS"
"9","BRD.A06352508.001.03.7..2.5..HTS"
"10","BRD.A06426627.001.03.5..2.5..HTS"
"11","BRD.A06627858.236.03.0..2.5..HTS"
"12","BRD.A08187463.001.12.9..2.5..HTS"
"13","BRD.A08545410.003.07.8..2.38..HTS"
"14","BRD.A08545410.311.03.4..2.5..HTS"
"15","BRD.A08660406.001.05.9..2.5..HTS"
"16","BRD.A08840375.001.01.3..2.5..HTS"
"17","BRD.A09349126.001.10.7..2.5..HTS"
"18","BRD.A09735281.001.02.5..2.5..HTS"
"19","BRD.A11551002.001.04.6..2.5..HTS"
"20","BRD.A11815689.001.01.1..2.5..HTS"
"21","BRD.A11990600.001.03.4..2.5..HTS"
"22","BRD.A12230535.001.06.7..2.5..HTS"
"23","BRD.A12896037.001.04.3..2.5..HTS"
"24","BRD.A13133631.001.04.0..2.5..HTS"
"25","BRD.A14344385.001.03.2..2.5..HTS"
"26","BRD.A15297126.001.04.3..2.5..HTS"
"27","BRD.A16700644.003.04.4..2.5..HTS"
"28","BRD.A17407635.001.04.0..2.5..HTS"
"29","BRD.A17846016.001.13.9..2.5..HTS"
"30","BRD.A22081593.001.11.1..2.5..HTS"
"31","BRD.A22707317.001.10.8..2.5..HTS"
"32","BRD.A23067620.300.01.3..2.5..HTS"
"33","BRD.A23127772.001.02.3..2.5..HTS"
"34","BRD.A24514565.001.09.7..2.5..HTS"
"35","BRD.A25004090.001.08.4..2.5..HTS"
"36","BRD.A25569250.001.03.3..2.5..HTS"
"37","BRD.A25608658.001.01.1..2.5..HTS"
"38","BRD.A25687296.300.04.3..2.5..HTS"
"39","BRD.A26032986.050.02.1..2.5..HTS"
"40","BRD.A27376179.001.01.3..2.5..HTS"
"41","BRD.A27883417.300.01.6..2.5..HTS"
"42","BRD.A28044053.001.01.7..2.5..HTS"
"43","BRD.A28301258.001.03.0..2.5..HTS"
"44","BRD.A28301258.001.04.8..2.5..HTS"
"45","BRD.A28467416.002.01.0..2.5..HTS"
"46","BRD.A28970875.300.04.9..2.5..HTS"
"47","BRD.A30886737.001.02.9..2.5..HTS"
"48","BRD.A31095847.001.02.3..2.5..HTS"
"49","BRD.A35588707.001.05.5..2.5..HTS"
"50","BRD.A36057565.001.01.0..2.5..HTS"
"51","BRD.A36267905.003.18.4..2.5..HTS"
"52","BRD.A36331462.001.02.1..2.5..HTS"
"53","BRD.A39935389.001.05.9..2.5..HTS"
"54","BRD.A42759514.001.20.5..2.5..HTS"
"55","BRD.A44500574.001.01.8..2.5..HTS"
"56","BRD.A45498368.001.07.1..2.5..HTS"
"57","BRD.A45889380.300.07.1..2.5..HTS"
"58","BRD.A47953250.001.01.7..2.5..HTS"
"59","BRD.A48237631.001.04.8..2.5..HTS"
"60","BRD.A48300215.001.04.8..2.5..HTS"
"61","BRD.A49035384.003.28.9..2.39..HTS"
"62","BRD.A49358627.001.14.6..2.5..HTS"
"63","BRD.A49765801.001.04.1..2.5..HTS"
"64","BRD.A50064262.001.04.7..2.5..HTS"
"65","BRD.A50157456.065.20.6..2.5..HTS"
"66","BRD.A50311610.300.10.4..2.5..HTS"
"67","BRD.A51571244.001.01.9..2.5..HTS"
"68","BRD.A51964809.003.12.6..2.5..HTS"
"69","BRD.A53134341.001.03.2..2.5..HTS"
"70","BRD.A54275602.001.01.0..2.5..HTS"
"71","BRD.A54927599.001.16.9..2.5..HTS"
"72","BRD.A55312468.001.04.7..1.24..HTS"
"73","BRD.A55424491.001.19.9..2.5..HTS"
"74","BRD.A55484088.050.02.5..2.5..HTS"
"75","BRD.A56085258.001.01.8..2.5..HTS"
"76","BRD.A57382968.001.29.0..2.5..HTS"
"77","BRD.A57798112.001.03.7..2.5..HTS"
"78","BRD.A57833392.001.01.7..2.5..HTS"
"79","BRD.A57886255.001.01.1..2.5..HTS"
"80","BRD.A58193911.003.18.7..2.5..HTS"
"81","BRD.A60197193.001.14.6..2.5..HTS"
"82","BRD.A64064900.001.02.3..2.5..HTS"
"83","BRD.A64242993.001.05.6..2.5..HTS"
"84","BRD.A65248799.001.01.7..2.5..HTS"
"85","BRD.A65671304.001.07.5..2.5..HTS"
"86","BRD.A66419424.001.02.4..2.5..HTS"
"87","BRD.A66869276.001.02.9..2.5..HTS"
"88","BRD.A67516570.001.02.8..2.5..HTS"
"89","BRD.A67748489.001.10.0..2.5..HTS"
"90","BRD.A68083442.001.01.6..2.5..HTS"
"91","BRD.A68304895.003.02.2..2.5..HTS"
"92","BRD.A68631409.001.05.4..2.5..HTS"
"93","BRD.A68969091.001.12.7..2.57..HTS"
"94","BRD.A69815203.001.07.6..2.5..HTS"
"95","BRD.A70083328.001.23.5..2.5..HTS"
"96","BRD.A70407468.001.02.0..2.5..HTS"
"97","BRD.A72703248.003.04.9..2.5..HTS"
"98","BRD.A72711497.236.03.8..2.5..HTS"
"99","BRD.A72716251.001.01.5..0.91..HTS"
"100","BRD.A73871920.236.03.6..2.5..HTS"
"101","BRD.A74208568.003.01.5..2.5..HTS"
"102","BRD.A74914197.001.02.9..2.5..HTS"
"103","BRD.A78588743.001.03.4..2.5..HTS"
"104","BRD.A79768653.001.12.0..2.5..HTS"
"105","BRD.A79803969.003.16.1..2.5..HTS"
"106","BRD.A80213327.305.08.3..2.5..HTS"
"107","BRD.A81129465.001.03.8..2.5..HTS"
"108","BRD.A81370665.001.03.6..2.5..HTS"
"109","BRD.A81541225.001.06.8..2.5..HTS"
"110","BRD.A86619021.001.04.8..2.5..HTS"
"111","BRD.A88138582.001.04.8..2.5..HTS"
"112","BRD.A91452556.001.04.0..2.5..HTS"
"113","BRD.A92439610.001.05.7..2.5..HTS"
"114","BRD.A92537424.001.04.7..2.5..HTS"
"115","BRD.A93093700.001.02.9..2.5..HTS"
"116","BRD.A93236127.001.04.5..2.5..HTS"
"117","BRD.A93477898.001.04.2..2.5..HTS"
"118","BRD.A94323479.001.02.8..2.5..HTS"
"119","BRD.A94756469.001.04.7..2.5..HTS"
"120","BRD.K00152668.001.01.5..2.5..HTS"
"121","BRD.K00259736.001.16.4..2.5..HTS"
"122","BRD.K00317371.001.06.1..2.4..HTS"
"123","BRD.K00337317.001.06.6..2.5..HTS"
"124","BRD.K00494077.066.01.9..2.5..HTS"
"125","BRD.K00535541.001.05.5..2.5..HTS"
"126","BRD.K00535541.001.06.3..2.5..HTS"
"127","BRD.K01029106.001.01.4..2.52..HTS"
"128","BRD.K01109406.001.03.7..2.5..HTS"
"129","BRD.K01507359.001.22.9..2.5..HTS"
"130","BRD.K01614093.001.02.6..2.5..HTS"
"131","BRD.K01624185.001.05.7..2.5..HTS"
"132","BRD.K01653460.001.01.1..2.5..HTS"
"133","BRD.K01669786.001.02.2..2.5..HTS"
"134","BRD.K01683783.001.02.6..2.5..HTS"
"135","BRD.K01773560.001.02.4..2.59..HTS"
"136","BRD.K02113016.001.15.4..2.5..HTS"
"137","BRD.K02130563.001.11.4..2.5..HTS"
"138","BRD.K02241333.001.02.7..2.5..HTS"
"139","BRD.K02389548.001.02.5..2.5..HTS"
"140","BRD.K02407574.001.09.7..2.5..HTS"
"141","BRD.K02594908.001.16.4..2.5..HTS"
"142","BRD.K02764365.001.13.6..2.5..HTS"
"143","BRD.K03063480.001.05.8..2.5..HTS"
"144","BRD.K03063480.001.06.6..2.42..HTS"
"145","BRD.K03109492.001.02.2..2.5..HTS"
"146","BRD.K03243820.001.23.8..2.37..HTS"
"147","BRD.K03243820.001.25.3..2.5..HTS"
"148","BRD.K03273112.001.01.8..2.5..HTS"
"149","BRD.K03289018.001.02.7..2.5..HTS"
"150","BRD.K03294269.001.08.0..2.5..HTS"
"151","BRD.K03384561.001.02.7..2.5..HTS"
"152","BRD.K03390685.001.01.7..2.5..HTS"
"153","BRD.K03406345.001.27.8..2.5..HTS"
"154","BRD.K03449891.001.08.6..2.5..HTS"
"155","BRD.K03549949.001.01.0..2.5..HTS"
"156","BRD.K03601870.001.01.2..2.5..HTS"
"157","BRD.K03739921.001.06.8..2.5..HTS"
"158","BRD.K04394237.001.03.7..2.49..HTS"
"159","BRD.K04430056.236.02.1..2.5..HTS"
"160","BRD.K04548931.003.16.5..2.5..HTS"
"161","BRD.K04552268.001.02.4..5..HTS"
"162","BRD.K04568635.300.01.4..2.5..HTS"
"163","BRD.K04623885.001.07.5..2.5..HTS"
"164","BRD.K04833372.001.06.2..2.5..HTS"
"165","BRD.K04923131.001.15.4..2.5..HTS"
"166","BRD.K04993719.001.01.7..2.5..HTS"
"167","BRD.K05104363.001.10.0..2.5..HTS"
"168","BRD.K05444225.001.01.7..2.5..HTS"
"169","BRD.K05445342.001.05.3..2.57..HTS"
"170","BRD.K05524748.003.04.4..2.5..HTS"
"171","BRD.K05804044.001.06.0..2.5..HTS"
"172","BRD.K06222852.001.03.2..2.5..HTS"
"173","BRD.K06234293.001.04.2..2.5..HTS"
"174","BRD.K06408664.001.03.5..2.5..HTS"
"175","BRD.K06426971.001.02.7..2.5..HTS"
"176","BRD.K06542892.001.01.9..2.5..HTS"
"177","BRD.K06543683.066.02.1..2.5..HTS"
"178","BRD.K06749501.001.02.1..2.5..HTS"
"179","BRD.K06753942.001.14.5..2.5..HTS"
"180","BRD.K06814349.304.01.9..2.5..HTS"
"181","BRD.K06858286.001.01.3..2.5..HTS"
"182","BRD.K07106112.003.03.8..2.5..HTS"
"183","BRD.K07265709.003.05.6..2.61..HTS"
"184","BRD.K07310275.001.02.5..2.5..HTS"
"185","BRD.K07572174.001.39.4..2.48..HTS"
"186","BRD.K07612980.001.05.3..2.59..HTS"
"187","BRD.K07762753.001.04.4..2.5..HTS"
"188","BRD.K07881437.001.03.8..2.5..HTS"
"189","BRD.K07881437.001.04.6..2.41..HTS"
"190","BRD.K07955840.001.02.3..2.5..HTS"
"191","BRD.K07972848.001.02.0..2.5..HTS"
"192","BRD.K08078237.001.19.8..2.5..HTS"
"193","BRD.K08109215.001.06.4..2.5..HTS"
"194","BRD.K08248804.001.01.8..2.5..HTS"
"195","BRD.K08251020.001.01.0..2.5..HTS"
"196","BRD.K08525451.003.05.2..2.5..HTS"
"197","BRD.K08542803.001.03.1..0.8..HTS"
"198","BRD.K08547377.394.03.5..2.5..HTS"
"199","BRD.K08586861.001.01.1..2.5..HTS"
"200","BRD.K08619574.334.05.4..2.5..HTS"
"201","BRD.K08799216.001.05.3..2.5..HTS"
"202","BRD.K08893438.001.04.9..2.52..HTS"
"203","BRD.K08996725.332.01.7..2.5..HTS"
"204","BRD.K09090949.001.01.9..2.5..HTS"
"205","BRD.K09372874.001.01.0..2.5..HTS"
"206","BRD.K09416995.001.39.9..2.5..HTS"
"207","BRD.K09426783.300.01.0..2.5..HTS"
"208","BRD.K09443272.001.03.3..2.5..HTS"
"209","BRD.K09602097.001.13.6..2.5..HTS"
"210","BRD.K09877029.001.01.2..2.5..HTS"
"211","BRD.K09900591.001.26.7..2.5..HTS"
"212","BRD.K09951645.001.06.8..2.5..HTS"
"213","BRD.K10065684.001.07.4..2.5..HTS"
"214","BRD.K10071630.001.01.0..2.5..HTS"
"215","BRD.K10362825.001.03.4..2.5..HTS"
"216","BRD.K10705233.001.02.2..2.5..HTS"
"217","BRD.K10784860.003.02.3..2.5..HTS"
"218","BRD.K10843433.001.22.7..2.5..HTS"
"219","BRD.K10961822.001.05.1..2.5..HTS"
"220","BRD.K11196887.001.22.0..2.49..HTS"
"221","BRD.K11215326.001.03.7..2.31..HTS"
"222","BRD.K11267252.001.04.4..2.5..HTS"
"223","BRD.K11433652.001.17.0..2.5..HTS"
"224","BRD.K11630072.001.13.2..2.5..HTS"
"225","BRD.K11636097.001.03.1..2.5..HTS"
"226","BRD.K11640013.236.10.1..2.5..HTS"
"227","BRD.K11663430.001.02.3..2.5..HTS"
"228","BRD.K11853856.001.01.7..2.5..HTS"
"229","BRD.K11927976.050.02.9..2.5..HTS"
"230","BRD.K11973162.003.01.8..2.5..HTS"
"231","BRD.K12040459.001.06.0..2.5..HTS"
"232","BRD.K12068470.001.02.5..2.36..HTS"
"233","BRD.K12184916.001.15.4..2.5..HTS"
"234","BRD.K12251893.065.04.7..2.5..HTS"
"235","BRD.K12343256.001.08.9..2.5..HTS"
"236","BRD.K12502280.001.08.0..2.5..HTS"
"237","BRD.K12539581.001.23.7..2.5..HTS"
"238","BRD.K12787259.001.04.3..2.5..HTS"
"239","BRD.K12829205.003.02.8..2.5..HTS"
"240","BRD.K12867552.001.04.7..2.5..HTS"
"241","BRD.K12885236.001.02.7..2.5..HTS"
"242","BRD.K13044802.213.20.7..2.5..HTS"
"243","BRD.K13049116.001.05.7..2.5..HTS"
"244","BRD.K13050541.001.01.9..2.8..HTS"
"245","BRD.K13094524.001.07.5..2.63..HTS"
"246","BRD.K13112821.001.17.4..2.5..HTS"
"247","BRD.K13167095.001.02.9..2.5..HTS"
"248","BRD.K13169950.001.14.4..2.5..HTS"
"249","BRD.K13183738.317.10.2..2.5..HTS"
"250","BRD.K13249881.001.02.3..2.5..HTS"
"251","BRD.K13314656.001.01.0..2.5..HTS"
"252","BRD.K13387373.004.14.5..2.5..HTS"
"253","BRD.K13390322.001.06.3..2.5..HTS"
"254","BRD.K13409143.001.01.9..2.5..HTS"
"255","BRD.K13514097.001.05.3..2.5..HTS"
"256","BRD.K13566078.001.02.3..2.5..HTS"
"257","BRD.K13606314.001.01.3..2.5..HTS"
"258","BRD.K13646352.001.03.8..2.5..HTS"
"259","BRD.K13662825.001.07.5..2.5..HTS"
"260","BRD.K13756951.001.01.4..2.5..HTS"
"261","BRD.K13810148.311.03.2..2.5..HTS"
"262","BRD.K13949769.001.01.7..2.5..HTS"
"263","BRD.K14003026.003.09.0..2.46..HTS"
"264","BRD.K14109347.001.03.4..2.5..HTS"
"265","BRD.K14385366.001.04.4..2.59..HTS"
"266","BRD.K14529030.001.01.9..2.5..HTS"
"267","BRD.K14560436.001.01.4..2.5..HTS"
"268","BRD.K14618467.001.04.6..2.5..HTS"
"269","BRD.K14796088.003.26.8..2.5..HTS"
"270","BRD.K14991967.001.02.6..2.5..HTS"
"271","BRD.K15025317.001.15.1..2.5..HTS"
"272","BRD.K15108141.001.06.6..2.5..HTS"
"273","BRD.K15179513.001.03.4..2.5..HTS"
"274","BRD.K15179879.001.03.2..2.5..HTS"
"275","BRD.K15409150.001.05.8..2.5..HTS"
"276","BRD.K15424032.001.03.6..2.5..HTS"
"277","BRD.K15519488.050.01.3..2.5..HTS"
"278","BRD.K15567136.003.27.2..2.5..HTS"
"279","BRD.K15600710.066.04.1..2.5..HTS"
"280","BRD.K15898725.001.01.7..2.5..HTS"
"281","BRD.K16136380.001.01.7..2.5..HTS"
"282","BRD.K16189898.003.03.3..2.5..HTS"
"283","BRD.K16277217.001.10.9..2.5..HTS"
"284","BRD.K16338837.001.02.6..2.5..HTS"
"285","BRD.K16478699.001.09.2..2.5..HTS"
"286","BRD.K16485616.001.08.9..2.5..HTS"
"287","BRD.K16551357.001.03.2..2.5..HTS"
"288","BRD.K16664969.001.03.3..2.5..HTS"
"289","BRD.K16730910.001.07.3..2.5..HTS"
"290","BRD.K17026858.001.01.2..2.5..HTS"
"291","BRD.K17061841.001.03.5..2.5..HTS"
"292","BRD.K17075857.001.18.4..2.5..HTS"
"293","BRD.K17203476.001.01.9..2.5..HTS"
"294","BRD.K17555800.003.01.5..2.5..HTS"
"295","BRD.K17702546.001.03.2..2.5..HTS"
"296","BRD.K17705806.003.04.4..2.5..HTS"
"297","BRD.K17743125.001.08.4..2.5..HTS"
"298","BRD.K18157228.001.01.7..2.5..HTS"
"299","BRD.K18163608.001.05.6..2.48..HTS"
"300","BRD.K18375018.376.02.3..2.5..HTS"
"301","BRD.K18424115.003.01.3..2.5..HTS"
"302","BRD.K18518344.001.15.9..2.5..HTS"
"303","BRD.K18574842.236.17.7..2.5..HTS"
"304","BRD.K18619710.001.14.4..2.5..HTS"
"305","BRD.K18779551.003.07.8..2.5..HTS"
"306","BRD.K18787491.001.08.6..2.5..HTS"
"307","BRD.K18834913.001.01.1..2.5..HTS"
"308","BRD.K18850819.001.04.6..2.5..HTS"
"309","BRD.K18961567.001.01.1..2.5..HTS"
"310","BRD.K19034817.001.01.4..2.5..HTS"
"311","BRD.K19061412.001.02.4..2.5..HTS"
"312","BRD.K19136521.001.08.9..2.5..HTS"
"313","BRD.K19295594.015.14.3..2.29..HTS"
"314","BRD.K19333160.001.01.3..2.5..HTS"
"315","BRD.K19540840.001.09.4..2.5..HTS"
"316","BRD.K19615002.001.02.3..2.5..HTS"
"317","BRD.K19669037.001.01.1..2.5..HTS"
"318","BRD.K19687926.379.07.4..2.5..HTS"
"319","BRD.K20285085.001.07.1..2.5..HTS"
"320","BRD.K20285085.074.04.5..2.5..HTS"
"321","BRD.K20290250.001.02.1..2.38..HTS"
"322","BRD.K20482099.001.09.4..2.5..HTS"
"323","BRD.K20545304.001.01.6..2.5..HTS"
"324","BRD.K20605374.001.05.4..2.5..HTS"
"325","BRD.K20722021.001.02.1..2.5..HTS"
"326","BRD.K20958582.001.01.4..2.5..HTS"
"327","BRD.K21025364.001.04.9..2.5..HTS"
"328","BRD.K21025364.001.05.6..2.44..HTS"
"329","BRD.K21164796.001.02.8..2.5..HTS"
"330","BRD.K21283037.001.21.5..2.5..HTS"
"331","BRD.K21361524.001.01.1..2.5..HTS"
"332","BRD.K21528677.001.02.8..2.44..HTS"
"333","BRD.K21528677.001.03.6..2.5..HTS"
"334","BRD.K21547160.001.01.4..2.5..HTS"
"335","BRD.K21680192.300.14.4..2.5..HTS"
"336","BRD.K21718444.001.06.8..2.5..HTS"
"337","BRD.K21728777.001.02.3..2.5..HTS"
"338","BRD.K21782625.001.03.2..2.45..HTS"
"339","BRD.K21937671.001.09.2..2.53..HTS"
"340","BRD.K22025381.003.01.9..2.5..HTS"
"341","BRD.K22127577.001.03.7..2.58..HTS"
"342","BRD.K22134346.001.22.3..2.5..HTS"
"343","BRD.K22134346.001.24.9..2.42..HTS"
"344","BRD.K22385716.001.02.5..2.5..HTS"
"345","BRD.K22503835.001.11.0..2.5..HTS"
"346","BRD.K23190681.001.01.1..2.5..HTS"
"347","BRD.K23228615.001.02.8..2.5..HTS"
"348","BRD.K23301018.001.11.7..2.63..HTS"
"349","BRD.K23363278.001.02.1..2.5..HTS"
"350","BRD.K23677682.003.01.2..2.5..HTS"
"351","BRD.K23779958.001.05.8..2.5..HTS"
"352","BRD.K23925186.001.01.0..2.5..HTS"
"353","BRD.K23925186.001.02.8..2.51..HTS"
"354","BRD.K24187789.001.01.7..2.5..HTS"
"355","BRD.K24556098.001.16.7..2.45..HTS"
"356","BRD.K24556407.001.02.3..2.5..HTS"
"357","BRD.K24566386.001.01.9..2.5..HTS"
"358","BRD.K24576554.001.04.8..2.5..HTS"
"359","BRD.K24593301.001.02.3..2.54..HTS"
"360","BRD.K24696047.001.02.3..2.5..HTS"
"361","BRD.K24715592.406.02.1..2.53..HTS"
"362","BRD.K24844714.001.24.5..2.5..HTS"
"363","BRD.K24869513.001.02.1..2.5..HTS"
"364","BRD.K25244359.066.03.4..2.68..HTS"
"365","BRD.K25279140.001.01.5..2.5..HTS"
"366","BRD.K25340465.001.11.1..2.58..HTS"
"367","BRD.K25412176.001.01.9..2.5..HTS"
"368","BRD.K25630527.001.03.8..2.5..HTS"
"369","BRD.K25835157.001.01.4..2.5..HTS"
"370","BRD.K25837718.001.03.8..2.5..HTS"
"371","BRD.K26168087.001.09.7..2.5..HTS"
"372","BRD.K26253904.001.01.5..2.5..HTS"
"373","BRD.K26531771.001.02.2..2.35..HTS"
"374","BRD.K26603252.003.04.9..2.5..HTS"
"375","BRD.K26619122.001.02.1..2.5..HTS"
"376","BRD.K26634012.001.04.9..2.5..HTS"
"377","BRD.K26667523.001.02.5..2.5..HTS"
"378","BRD.K26712974.001.01.5..2.5..HTS"
"379","BRD.K26756394.001.02.2..2.5..HTS"
"380","BRD.K26818574.305.04.3..2.5..HTS"
"381","BRD.K26833429.001.02.8..2.5..HTS"
"382","BRD.K26838195.075.04.9..2.5..HTS"
"383","BRD.K26997899.001.02.2..2.5..HTS"
"384","BRD.K27182532.001.02.3..2.5..HTS"
"385","BRD.K27184429.300.01.3..2.5..HTS"
"386","BRD.K27217864.001.22.3..2.5..HTS"
"387","BRD.K27316855.001.13.3..2.44..HTS"
"388","BRD.K27799744.001.02.8..2.52..HTS"
"389","BRD.K28120222.001.08.4..2.5..HTS"
"390","BRD.K28143534.001.02.2..2.5..HTS"
"391","BRD.K28352084.001.02.3..2.5..HTS"
"392","BRD.K28360340.001.08.3..2.31..HTS"
"393","BRD.K28392481.001.05.1..2.5..HTS"
"394","BRD.K28542495.003.13.5..2.5..HTS"
"395","BRD.K28822270.001.01.1..2.5..HTS"
"396","BRD.K28824103.001.02.8..2.5..HTS"
"397","BRD.K28907958.001.04.3..2.5..HTS"
"398","BRD.K28965160.001.01.1..2.5..HTS"
"399","BRD.K29173907.001.09.2..2.5..HTS"
"400","BRD.K29254801.001.14.7..2.5..HTS"
"401","BRD.K29395450.001.06.8..2.5..HTS"
"402","BRD.K29415052.050.04.8..2.5..HTS"
"403","BRD.K29458283.001.29.9..2.5..HTS"
"404","BRD.K29542628.001.03.9..2.5..HTS"
"405","BRD.K29656036.001.02.5..2.5..HTS"
"406","BRD.K29713308.077.04.1..2.5..HTS"
"407","BRD.K29905972.001.06.3..2.5..HTS"
"408","BRD.K29968218.001.03.2..2.5..HTS"
"409","BRD.K30431096.004.01.3..2.5..HTS"
"410","BRD.K30577245.001.04.3..2.5..HTS"
"411","BRD.K30577245.341.01.9..2.5..HTS"
"412","BRD.K30867024.003.03.3..2.5..HTS"
"413","BRD.K30933884.001.01.0..2.5..HTS"
"414","BRD.K30977212.001.02.8..2.5..HTS"
"415","BRD.K31086665.005.04.6..2.5..HTS"
"416","BRD.K31309378.001.01.5..2.5..HTS"
"417","BRD.K31476763.001.01.5..2.5..HTS"
"418","BRD.K31627533.001.09.5..2.5..HTS"
"419","BRD.K31698212.001.02.9..2.5..HTS"
"420","BRD.K31812033.003.11.0..2.5..HTS"
"421","BRD.K31866293.001.01.6..2.5..HTS"
"422","BRD.K31928526.001.02.1..2.5..HTS"
"423","BRD.K32007074.001.02.9..3.16..HTS"
"424","BRD.K32372024.001.01.0..2.5..HTS"
"425","BRD.K32405725.001.02.8..2.5..HTS"
"426","BRD.K32501161.300.06.2..2.5..HTS"
"427","BRD.K32730239.001.01.0..2.5..HTS"
"428","BRD.K32744045.001.31.2..2.5..HTS"
"429","BRD.K32821942.001.21.3..2.5..HTS"
"430","BRD.K33127281.001.05.6..2.5..HTS"
"431","BRD.K33277808.331.01.3..2.5..HTS"
"432","BRD.K33379087.001.07.5..2.5..HTS"
"433","BRD.K33610132.001.02.9..2.5..HTS"
"434","BRD.K33622447.066.01.9..2.5..HTS"
"435","BRD.K33720171.001.01.0..2.5..HTS"
"436","BRD.K33813875.003.01.8..2.5..HTS"
"437","BRD.K33882852.003.02.8..2.5..HTS"
"438","BRD.K34022604.001.06.6..2.5..HTS"
"439","BRD.K34073885.001.09.3..2.54..HTS"
"440","BRD.K34851558.001.02.3..2.5..HTS"
"441","BRD.K35240538.001.26.2..2.5..HTS"
"442","BRD.K35245662.001.01.2..2.5..HTS"
"443","BRD.K35329391.334.01.7..2.5..HTS"
"444","BRD.K35520305.001.17.7..2.5..HTS"
"445","BRD.K35601925.001.01.9..2.5..HTS"
"446","BRD.K35629949.001.02.0..2.5..HTS"
"447","BRD.K35960502.001.20.0..2.5..HTS"
"448","BRD.K36055864.001.19.2..2.5..HTS"
"449","BRD.K36198571.001.02.0..2.5..HTS"
"450","BRD.K36207157.001.07.0..2.52..HTS"
"451","BRD.K36222532.001.01.8..2.5..HTS"
"452","BRD.K36234266.001.09.8..2.5..HTS"
"453","BRD.K36363294.001.04.2..2.5..HTS"
"454","BRD.K36386086.001.01.1..2.5..HTS"
"455","BRD.K36529613.001.02.6..2.5..HTS"
"456","BRD.K36740062.001.06.6..2.5..HTS"
"457","BRD.K36788280.001.01.2..2.5..HTS"
"458","BRD.K36889451.001.01.1..2.5..HTS"
"459","BRD.K37069697.001.01.3..2.5..HTS"
"460","BRD.K37237504.001.02.7..2.5..HTS"
"461","BRD.K37270826.001.27.6..2.66..HTS"
"462","BRD.K37312348.001.15.0..2.5..HTS"
"463","BRD.K37379014.001.01.2..2.5..HTS"
"464","BRD.K37561857.001.15.5..2.5..HTS"
"465","BRD.K37590257.001.02.8..2.5..HTS"
"466","BRD.K37618799.001.03.0..2.5..HTS"
"467","BRD.K37687095.001.06.9..2.5..HTS"
"468","BRD.K37720887.001.07.8..2.5..HTS"
"469","BRD.K37764012.001.04.1..2.5..HTS"
"470","BRD.K37798499.001.27.2..2.5..HTS"
"471","BRD.K37865504.001.04.1..2.5..HTS"
"472","BRD.K37890730.001.15.1..2.5..HTS"
"473","BRD.K38003476.001.09.1..2.5..HTS"
"474","BRD.K38287497.001.01.2..2.5..HTS"
"475","BRD.K38332599.001.01.3..2.5..HTS"
"476","BRD.K38350380.001.01.8..2.5..HTS"
"477","BRD.K38548312.001.01.0..2.5..HTS"
"478","BRD.K38852836.001.02.1..2.5..HTS"
"479","BRD.K38860038.001.01.2..2.5..HTS"
"480","BRD.K39171998.001.01.1..2.5..HTS"
"481","BRD.K39252998.003.01.5..2.5..HTS"
"482","BRD.K39381259.001.01.0..2.5..HTS"
"483","BRD.K39484304.001.16.5..2.5..HTS"
"484","BRD.K39841531.001.02.1..2.5..HTS"
"485","BRD.K39974922.001.04.3..2.5..HTS"
"486","BRD.K39983086.001.06.1..2.45..HTS"
"487","BRD.K39987650.001.24.1..2.5..HTS"
"488","BRD.K40109029.001.02.9..2.5..HTS"
"489","BRD.K40175214.001.11.6..2.5..HTS"
"490","BRD.K40255344.001.17.6..2.5..HTS"
"491","BRD.K40308497.001.01.2..2.54..HTS"
"492","BRD.K40331046.305.01.5..2.5..HTS"
"493","BRD.K40496271.396.01.1..2.34..HTS"
"494","BRD.K40718343.001.02.6..2.5..HTS"
"495","BRD.K40738845.001.05.0..2.5..HTS"
"496","BRD.K41213548.001.02.0..2.5..HTS"
"497","BRD.K41278234.001.03.0..2.5..HTS"
"498","BRD.K41312087.001.02.7..2.5..HTS"
"499","BRD.K41337261.001.03.0..2.5..HTS"
"500","BRD.K41599323.001.02.3..2.5..HTS"
"501","BRD.K41713976.300.02.6..2.5..HTS"
"502","BRD.K41783120.001.02.8..2.5..HTS"
"503","BRD.K41859756.001.06.8..2.5..HTS"
"504","BRD.K41876534.001.13.7..2.5..HTS"
"505","BRD.K42191735.001.05.3..2.5..HTS"
"506","BRD.K42205652.001.02.7..2.5..HTS"
"507","BRD.K42436189.001.01.2..2.5..HTS"
"508","BRD.K42495768.001.01.7..2.5..HTS"
"509","BRD.K42497885.001.01.1..2.5..HTS"
"510","BRD.K42805893.001.04.9..2.5..HTS"
"511","BRD.K42828737.044.09.0..2.5..HTS"
"512","BRD.K42898655.001.01.8..2.5..HTS"
"513","BRD.K42938903.332.01.1..2.5..HTS"
"514","BRD.K42973005.001.04.0..2.5..HTS"
"515","BRD.K43002771.034.01.6..2.5..HTS"
"516","BRD.K43187018.001.03.3..2.52..HTS"
"517","BRD.K43236057.001.07.1..2.6..HTS"
"518","BRD.K43389675.003.16.7..2.35..HTS"
"519","BRD.K43389675.003.20.9..2.5..HTS"
"520","BRD.K43389698.001.09.9..2.4..HTS"
"521","BRD.K43449605.001.01.0..2.5..HTS"
"522","BRD.K43471985.001.03.0..2.69..HTS"
"523","BRD.K43471985.001.05.5..2.5..HTS"
"524","BRD.K43578482.001.01.4..2.5..HTS"
"525","BRD.K43621685.001.02.5..2.5..HTS"
"526","BRD.K43644456.001.04.0..2.38..HTS"
"527","BRD.K44067360.001.30.3..2.5..HTS"
"528","BRD.K44084986.300.08.4..2.5..HTS"
"529","BRD.K44227013.001.06.4..2.5..HTS"
"530","BRD.K44408410.001.17.6..2.5..HTS"
"531","BRD.K44665581.001.01.8..2.5..HTS"
"532","BRD.K44844162.001.01.6..2.5..HTS"
"533","BRD.K44974079.001.01.3..2.5..HTS"
"534","BRD.K45033733.001.12.2..2.5..HTS"
"535","BRD.K45163704.001.01.5..2.5..HTS"
"536","BRD.K45252063.001.13.6..2.5..HTS"
"537","BRD.K45293975.001.02.0..2.5..HTS"
"538","BRD.K45401373.001.20.9..2.5..HTS"
"539","BRD.K45528773.001.06.4..2.5..HTS"
"540","BRD.K45528773.001.07.2..2.59..HTS"
"541","BRD.K45551181.001.02.1..2.49..HTS"
"542","BRD.K45662124.050.01.5..2.5..HTS"
"543","BRD.K45664306.001.19.6..2.52..HTS"
"544","BRD.K45724504.001.01.6..1.36..HTS"
"545","BRD.K46386702.001.02.1..2.5..HTS"
"546","BRD.K46392623.001.02.5..2.5..HTS"
"547","BRD.K47000838.001.01.6..1.04..HTS"
"548","BRD.K47079459.004.04.6..2.5..HTS"
"549","BRD.K47114202.001.14.6..2.58..HTS"
"550","BRD.K47150025.001.05.3..2.5..HTS"
"551","BRD.K47337578.034.02.5..2.5..HTS"
"552","BRD.K47557313.001.02.7..2.5..HTS"
"553","BRD.K47598052.001.15.8..2.5..HTS"
"554","BRD.K47635719.001.21.1..2.5..HTS"
"555","BRD.K47832606.001.30.1..2.5..HTS"
"556","BRD.K47869605.001.32.0..2.5..HTS"
"557","BRD.K48141473.001.01.7..2.5..HTS"
"558","BRD.K48195801.001.01.6..2.5..HTS"
"559","BRD.K48443249.001.01.0..2.5..HTS"
"560","BRD.K48488978.001.05.3..2.5..HTS"
"561","BRD.K48684885.001.04.2..2.5..HTS"
"562","BRD.K48988407.001.01.2..2.5..HTS"
"563","BRD.K49049886.001.08.7..2.5..HTS"
"564","BRD.K49075727.001.08.5..2.5..HTS"
"565","BRD.K49111258.003.29.7..2.5..HTS"
"566","BRD.K49294207.300.03.8..2.5..HTS"
"567","BRD.K49313711.001.05.4..2.5..HTS"
"568","BRD.K49328571.001.15.0..2.5..HTS"
"569","BRD.K49350383.001.13.7..2.5..HTS"
"570","BRD.K49371609.003.03.8..2.5..HTS"
"571","BRD.K49522529.001.02.9..2.53..HTS"
"572","BRD.K49555808.001.03.9..2.5..HTS"
"573","BRD.K49669041.001.08.4..2.5..HTS"
"574","BRD.K49865102.001.08.4..2.5..HTS"
"575","BRD.K49962337.001.02.9..2.56..HTS"
"576","BRD.K50000283.001.04.4..2.5..HTS"
"577","BRD.K50140147.001.10.1..2.5..HTS"
"578","BRD.K50168500.001.07.9..2.5..HTS"
"579","BRD.K50388907.001.30.4..2.5..HTS"
"580","BRD.K50406511.001.26.0..2.5..HTS"
"581","BRD.K50677762.001.01.5..2.5..HTS"
"582","BRD.K50850824.237.04.8..2.5..HTS"
"583","BRD.K50853363.001.02.3..2.5..HTS"
"584","BRD.K51313569.003.03.3..2.5..HTS"
"585","BRD.K51318897.001.15.3..2.5..HTS"
"586","BRD.K51324732.001.01.0..2.5..HTS"
"587","BRD.K51471001.303.04.7..2.5..HTS"
"588","BRD.K51486818.003.02.8..2.5..HTS"
"589","BRD.K51544265.001.04.2..2.5..HTS"
"590","BRD.K51575138.001.13.2..2.5..HTS"
"591","BRD.K51791723.003.01.7..2.5..HTS"
"592","BRD.K51911221.001.01.2..2.5..HTS"
"593","BRD.K51967704.001.03.6..2.5..HTS"
"594","BRD.K52075715.001.06.7..2.5..HTS"
"595","BRD.K52113681.003.02.1..2.5..HTS"
"596","BRD.K52233191.001.02.4..2.5..HTS"
"597","BRD.K52256627.300.06.6..2.5..HTS"
"598","BRD.K52313696.001.12.3..2.5..HTS"
"599","BRD.K52762805.001.01.2..2.5..HTS"
"600","BRD.K52911425.001.09.8..2.5..HTS"
"601","BRD.K53414658.001.08.2..2.5..HTS"
"602","BRD.K53417444.003.03.1..2.5..HTS"
"603","BRD.K53523901.001.04.4..2.5..HTS"
"604","BRD.K53561341.001.07.5..2.5..HTS"
"605","BRD.K53581288.001.02.9..2.5..HTS"
"606","BRD.K53665955.001.03.0..2.5..HTS"
"607","BRD.K53720352.001.03.2..2.5..HTS"
"608","BRD.K53734668.003.02.0..2.66..HTS"
"609","BRD.K53972329.001.07.0..2.5..HTS"
"610","BRD.K54095730.001.03.1..2.5..HTS"
"611","BRD.K54187111.001.08.4..2.51..HTS"
"612","BRD.K54187111.001.09.2..2.5..HTS"
"613","BRD.K54247840.004.01.3..2.5..HTS"
"614","BRD.K54256913.001.08.7..2.5..HTS"
"615","BRD.K54262262.001.09.0..2.5..HTS"
"616","BRD.K54395039.001.01.7..2.5..HTS"
"617","BRD.K54606188.001.13.1..2.5..HTS"
"618","BRD.K54634444.001.05.9..2.5..HTS"
"619","BRD.K54838207.001.03.8..2.5..HTS"
"620","BRD.K54997624.001.06.0..2.5..HTS"
"621","BRD.K55044200.001.15.3..2.5..HTS"
"622","BRD.K55187425.236.05.2..2.5..HTS"
"623","BRD.K55305701.001.01.2..2.5..HTS"
"624","BRD.K55703048.001.07.7..2.5..HTS"
"625","BRD.K56032964.001.02.1..2.5..HTS"
"626","BRD.K56277358.001.07.5..2.5..HTS"
"627","BRD.K56291712.001.01.0..2.5..HTS"
"628","BRD.K56301217.001.07.4..2.5..HTS"
"629","BRD.K56334280.001.05.1..2.5..HTS"
"630","BRD.K56343971.001.10.6..2.5..HTS"
"631","BRD.K56405753.001.02.4..2.5..HTS"
"632","BRD.K56751279.300.01.4..2.5..HTS"
"633","BRD.K56908511.001.01.2..2.5..HTS"
"634","BRD.K56957086.001.06.3..2.5..HTS"
"635","BRD.K57080016.001.15.9..2.5..HTS"
"636","BRD.K57136142.001.02.4..2.5..HTS"
"637","BRD.K57169635.001.04.5..2.5..HTS"
"638","BRD.K58049875.001.04.7..2.5..HTS"
"639","BRD.K58122457.001.02.2..2.5..HTS"
"640","BRD.K58262659.001.09.7..2.5..HTS"
"641","BRD.K58435339.001.03.0..2.5..HTS"
"642","BRD.K58466253.003.14.0..2.5..HTS"
"643","BRD.K58550667.001.08.7..2.5..HTS"
"644","BRD.K58685305.001.20.4..2.5..HTS"
"645","BRD.K58770988.001.01.8..2.5..HTS"
"646","BRD.K59058747.001.18.3..2.5..HTS"
"647","BRD.K59146805.001.03.7..2.5..HTS"
"648","BRD.K59317601.001.05.5..2.5..HTS"
"649","BRD.K59325863.001.02.8..2.5..HTS"
"650","BRD.K59325863.001.03.6..2.46..HTS"
"651","BRD.K59369769.001.20.3..2.5..HTS"
"652","BRD.K59436580.001.01.7..2.5..HTS"
"653","BRD.K59456551.001.22.6..2.51..HTS"
"654","BRD.K59831625.001.01.6..2.5..HTS"
"655","BRD.K60025295.003.06.6..2.5..HTS"
"656","BRD.K60230970.001.17.5..2.4..HTS"
"657","BRD.K60341624.001.02.2..2.5..HTS"
"658","BRD.K60348325.065.09.9..2.5..HTS"
"659","BRD.K60369935.001.18.3..2.5..HTS"
"660","BRD.K60443845.001.08.6..2.5..HTS"
"661","BRD.K60446698.001.01.2..2.5..HTS"
"662","BRD.K60640630.001.11.0..2.5..HTS"
"663","BRD.K60997853.001.02.3..2.5..HTS"
"664","BRD.K61097567.001.08.5..2.5..HTS"
"665","BRD.K61195623.001.01.4..2.5..HTS"
"666","BRD.K61228301.001.01.2..2.5..HTS"
"667","BRD.K61250484.001.02.3..2.5..HTS"
"668","BRD.K61314889.001.04.4..2.5..HTS"
"669","BRD.K61314889.001.05.1..2.5..HTS"
"670","BRD.K61323504.001.04.0..2.5..HTS"
"671","BRD.K61397605.001.03.4..2.5..HTS"
"672","BRD.K61443650.236.13.1..2.5..HTS"
"673","BRD.K61536336.001.01.7..2.5..HTS"
"674","BRD.K61642990.001.01.0..2.5..HTS"
"675","BRD.K61688984.001.02.9..2.5..HTS"
"676","BRD.K61717546.001.05.0..2.47..HTS"
"677","BRD.K61734568.003.02.1..2.5..HTS"
"678","BRD.K62008436.001.22.1..2.5..HTS"
"679","BRD.K62196610.001.01.6..2.5..HTS"
"680","BRD.K62200014.003.10.5..2.5..HTS"
"681","BRD.K62213621.001.01.6..2.5..HTS"
"682","BRD.K62304154.001.04.2..2.5..HTS"
"683","BRD.K62310379.001.10.5..2.5..HTS"
"684","BRD.K62607865.001.09.7..2.62..HTS"
"685","BRD.K62627508.001.01.5..2.5..HTS"
"686","BRD.K62696033.001.01.4..2.5..HTS"
"687","BRD.K62810658.001.12.2..2.5..HTS"
"688","BRD.K62814476.001.03.3..2.5..HTS"
"689","BRD.K62965247.001.04.9..2.5..HTS"
"690","BRD.K63068307.001.08.9..2.5..HTS"
"691","BRD.K63504947.001.15.4..2.5..HTS"
"692","BRD.K63750851.001.20.7..2.5..HTS"
"693","BRD.K63784565.001.06.2..2.51..HTS"
"694","BRD.K63923597.001.10.0..2.5..HTS"
"695","BRD.K64052750.001.17.5..2.5..HTS"
"696","BRD.K64538373.001.01.4..2.5..HTS"
"697","BRD.K64800655.001.07.4..2.5..HTS"
"698","BRD.K64866502.001.03.9..2.5..HTS"
"699","BRD.K64881305.001.03.7..2.5..HTS"
"700","BRD.K64888243.001.03.7..2.5..HTS"
"701","BRD.K64890080.001.13.8..2.5..HTS"
"702","BRD.K64925568.001.01.8..2.5..HTS"
"703","BRD.K65639003.001.09.0..2.5..HTS"
"704","BRD.K65781196.001.03.0..2.5..HTS"
"705","BRD.K65814004.003.02.9..2.5..HTS"
"706","BRD.K65877271.001.01.8..2.5..HTS"
"707","BRD.K65924316.001.03.1..2.5..HTS"
"708","BRD.K65928735.001.04.3..2.5..HTS"
"709","BRD.K66030860.001.03.6..2.5..HTS"
"710","BRD.K66175015.001.09.0..2.5..HTS"
"711","BRD.K66241279.001.01.8..2.5..HTS"
"712","BRD.K66296774.236.11.3..2.63..HTS"
"713","BRD.K66527818.001.02.6..2.5..HTS"
"714","BRD.K66538826.001.07.2..2.5..HTS"
"715","BRD.K66808046.065.03.7..2.5..HTS"
"716","BRD.K66911501.003.01.2..2.5..HTS"
"717","BRD.K66956375.001.11.3..2.5..HTS"
"718","BRD.K67173685.001.06.9..2.39..HTS"
"719","BRD.K67298865.001.09.0..2.5..HTS"
"720","BRD.K67536197.003.11.4..2.5..HTS"
"721","BRD.K67566344.001.07.5..2.5..HTS"
"722","BRD.K67578145.001.09.7..2.38..HTS"
"723","BRD.K67578145.001.12.1..2.5..HTS"
"724","BRD.K67844266.003.01.9..2.5..HTS"
"725","BRD.K67868012.001.07.6..2.5..HTS"
"726","BRD.K67977190.066.02.3..2.5..HTS"
"727","BRD.K68065987.300.09.1..2.5..HTS"
"728","BRD.K68103045.001.02.9..2.5..HTS"
"729","BRD.K68164687.001.01.6..2.5..HTS"
"730","BRD.K68174511.001.06.6..2.5..HTS"
"731","BRD.K68188368.001.09.4..2.5..HTS"
"732","BRD.K68202742.001.16.5..2.63..HTS"
"733","BRD.K68336408.001.10.9..2.5..HTS"
"734","BRD.K68346641.001.01.4..2.5..HTS"
"735","BRD.K68346641.001.02.2..2.5..HTS"
"736","BRD.K68395654.001.03.1..2.5..HTS"
"737","BRD.K68405354.001.07.2..2.5..HTS"
"738","BRD.K68408467.065.01.8..2.5..HTS"
"739","BRD.K68488863.001.04.9..2.5..HTS"
"740","BRD.K68502831.001.01.2..2.5..HTS"
"741","BRD.K68532323.003.02.8..2.5..HTS"
"742","BRD.K68552125.001.05.3..2.03..HTS"
"743","BRD.K68633617.003.02.9..2.5..HTS"
"744","BRD.K68747584.001.02.0..2.5..HTS"
"745","BRD.K68870568.066.01.5..2.5..HTS"
"746","BRD.K68904758.001.03.5..2.5..HTS"
"747","BRD.K68938568.001.01.7..2.5..HTS"
"748","BRD.K69001009.001.02.8..2.5..HTS"
"749","BRD.K69280563.001.01.8..2.5..HTS"
"750","BRD.K69650333.003.13.2..2.48..HTS"
"751","BRD.K69650333.003.14.0..2.5..HTS"
"752","BRD.K69694239.001.02.2..2.5..HTS"
"753","BRD.K69726342.238.02.4..2.5..HTS"
"754","BRD.K69726595.001.01.2..2.5..HTS"
"755","BRD.K69776681.001.03.8..2.5..HTS"
"756","BRD.K69932463.001.10.6..2.5..HTS"
"757","BRD.K70163715.300.05.7..2.42..HTS"
"758","BRD.K70301465.001.02.6..2.5..HTS"
"759","BRD.K70358946.001.15.7..2.5..HTS"
"760","BRD.K70401845.003.09.6..2.5..HTS"
"761","BRD.K70402238.001.02.8..2.5..HTS"
"762","BRD.K70463136.001.01.5..2.5..HTS"
"763","BRD.K70511574.001.06.9..2.5..HTS"
"764","BRD.K70914287.300.02.8..2.5..HTS"
"765","BRD.K71035033.001.07.1..2.5..HTS"
"766","BRD.K71075609.003.01.0..2.5..HTS"
"767","BRD.K71164191.001.01.0..2.5..HTS"
"768","BRD.K71221037.001.01.6..2.5..HTS"
"769","BRD.K71281111.001.04.3..2.5..HTS"
"770","BRD.K71467466.001.02.3..2.5..HTS"
"771","BRD.K71480163.001.01.4..2.5..HTS"
"772","BRD.K71512533.066.02.8..2.5..HTS"
"773","BRD.K71823332.001.03.7..2.5..HTS"
"774","BRD.K72093121.001.16.3..2.5..HTS"
"775","BRD.K72167406.001.02.1..2.5..HTS"
"776","BRD.K72327355.001.14.7..2.5..HTS"
"777","BRD.K72414522.001.06.7..2.5..HTS"
"778","BRD.K72420232.001.12.3..2.5..HTS"
"779","BRD.K72703948.001.10.1..2.5..HTS"
"780","BRD.K72723676.003.17.8..2.5..HTS"
"781","BRD.K72726508.001.02.1..2.5..HTS"
"782","BRD.K72815923.034.01.2..2.5..HTS"
"783","BRD.K72827473.001.01.0..2.5..HTS"
"784","BRD.K72951360.001.01.4..2.5..HTS"
"785","BRD.K73197500.001.02.2..2.5..HTS"
"786","BRD.K73293050.001.03.1..2.5..HTS"
"787","BRD.K73309154.003.02.8..2.5..HTS"
"788","BRD.K73383190.001.02.3..2.56..HTS"
"789","BRD.K73789395.001.10.7..2.5..HTS"
"790","BRD.K73982490.001.02.9..2.5..HTS"
"791","BRD.K74057757.001.01.9..2.5..HTS"
"792","BRD.K74141488.003.11.2..2.5..HTS"
"793","BRD.K74193284.001.04.8..2.5..HTS"
"794","BRD.K74305673.001.06.2..2.5..HTS"
"795","BRD.K74514084.001.03.9..2.5..HTS"
"796","BRD.K75009076.001.02.1..2.43..HTS"
"797","BRD.K75037734.003.13.9..2.5..HTS"
"798","BRD.K75295174.001.05.0..2.5..HTS"
"799","BRD.K75352575.001.01.3..2.5..HTS"
"800","BRD.K75649340.001.13.1..2.5..HTS"
"801","BRD.K75911534.001.01.6..2.5..HTS"
"802","BRD.K75958547.238.01.0..2.5..HTS"
"803","BRD.K76037122.001.02.5..2.5..HTS"
"804","BRD.K76180386.001.01.6..2.5..HTS"
"805","BRD.K76210423.001.01.6..2.5..HTS"
"806","BRD.K76239644.001.01.8..2.5..HTS"
"807","BRD.K76406695.001.02.9..2.5..HTS"
"808","BRD.K76634210.001.14.7..2.5..HTS"
"809","BRD.K76674262.001.03.3..2.5..HTS"
"810","BRD.K76703230.004.03.3..2.5..HTS"
"811","BRD.K76703230.004.04.1..2.5..HTS"
"812","BRD.K76840893.003.02.5..2.5..HTS"
"813","BRD.K76973696.001.12.6..2.01..HTS"
"814","BRD.K77008974.001.03.2..2.5..HTS"
"815","BRD.K77554836.001.11.6..2.57..HTS"
"816","BRD.K77554836.001.14.0..2.5..HTS"
"817","BRD.K77625799.001.07.7..2.5..HTS"
"818","BRD.K77627880.001.04.0..2.5..HTS"
"819","BRD.K77638923.001.02.0..2.5..HTS"
"820","BRD.K77685957.300.09.1..2.5..HTS"
"821","BRD.K77791657.001.01.1..2.5..HTS"
"822","BRD.K77791657.003.01.7..2.67..HTS"
"823","BRD.K77841042.001.14.1..2.5..HTS"
"824","BRD.K77908580.001.09.6..2.5..HTS"
"825","BRD.K77943374.001.02.8..2.5..HTS"
"826","BRD.K77947974.001.16.3..2.5..HTS"
"827","BRD.K77987382.001.13.2..2.5..HTS"
"828","BRD.K78055238.001.01.8..2.5..HTS"
"829","BRD.K78096648.001.05.7..2.5..HTS"
"830","BRD.K78126613.001.28.5..2.5..HTS"
"831","BRD.K78177893.001.02.4..2.5..HTS"
"832","BRD.K78318619.001.02.7..2.5..HTS"
"833","BRD.K78431006.001.10.2..2.5..HTS"
"834","BRD.K78496197.001.03.9..2.5..HTS"
"835","BRD.K78567475.001.01.4..2.5..HTS"
"836","BRD.K78659596.001.03.9..2.5..HTS"
"837","BRD.K78809024.001.05.7..2.5..HTS"
"838","BRD.K78960041.001.03.2..2.5..HTS"
"839","BRD.K78960041.001.05.7..2.54..HTS"
"840","BRD.K79095980.001.09.6..2.5..HTS"
"841","BRD.K79131256.001.17.9..2.5..HTS"
"842","BRD.K79239947.001.06.8..2.5..HTS"
"843","BRD.K79254416.001.22.6..2.5..HTS"
"844","BRD.K79259477.001.04.9..2.5..HTS"
"845","BRD.K79584249.001.01.3..2.5..HTS"
"846","BRD.K79612754.001.19.1..2.62..HTS"
"847","BRD.K79684402.300.02.8..2.5..HTS"
"848","BRD.K79930101.300.03.7..2.5..HTS"
"849","BRD.K80343549.001.02.6..2.5..HTS"
"850","BRD.K80431395.001.07.3..2.49..HTS"
"851","BRD.K80431395.001.09.9..2.5..HTS"
"852","BRD.K80480517.001.02.4..2.5..HTS"
"853","BRD.K80700417.001.04.2..2.5..HTS"
"854","BRD.K81016934.001.02.0..2.5..HTS"
"855","BRD.K81197548.003.01.4..2.5..HTS"
"856","BRD.K81225797.001.02.3..2.5..HTS"
"857","BRD.K81330143.001.04.8..2.38..HTS"
"858","BRD.K81332461.001.01.4..2.5..HTS"
"859","BRD.K81418486.001.47.5..2.5..HTS"
"860","BRD.K81458380.001.04.9..2.5..HTS"
"861","BRD.K81473043.001.14.6..2.5..HTS"
"862","BRD.K81613478.001.01.8..2.5..HTS"
"863","BRD.K81645907.001.01.1..2.5..HTS"
"864","BRD.K81694556.003.01.9..2.5..HTS"
"865","BRD.K81728688.001.04.4..2.5..HTS"
"866","BRD.K81801188.001.02.8..2.5..HTS"
"867","BRD.K81916719.001.13.9..2.5..HTS"
"868","BRD.K82091397.001.03.0..2.5..HTS"
"869","BRD.K82135108.001.04.3..2.5..HTS"
"870","BRD.K82181219.001.04.3..2.5..HTS"
"871","BRD.K82244583.001.01.3..2.5..HTS"
"872","BRD.K82746043.001.15.1..2.5..HTS"
"873","BRD.K82818427.001.02.2..2.39..HTS"
"874","BRD.K82818427.001.04.8..2.5..HTS"
"875","BRD.K82823804.001.04.1..2.5..HTS"
"876","BRD.K82846253.001.15.4..2.5..HTS"
"877","BRD.K82928847.001.04.7..2.5..HTS"
"878","BRD.K82928892.001.02.5..2.46..HTS"
"879","BRD.K83003151.057.02.4..2.35..HTS"
"880","BRD.K83022601.001.01.0..2.5..HTS"
"881","BRD.K83245588.001.01.4..2.5..HTS"
"882","BRD.K83257731.003.23.5..2.5..HTS"
"883","BRD.K83508485.001.02.7..2.5..HTS"
"884","BRD.K83699324.001.01.1..2.5..HTS"
"885","BRD.K83834509.001.01.1..2.5..HTS"
"886","BRD.K83837640.001.04.8..2.5..HTS"
"887","BRD.K83963101.001.06.9..2.5..HTS"
"888","BRD.K83988098.001.02.0..2.5..HTS"
"889","BRD.K83988098.003.03.4..2.5..HTS"
"890","BRD.K84091759.001.07.1..2.5..HTS"
"891","BRD.K84163249.001.01.9..2.5..HTS"
"892","BRD.K84683831.001.01.0..2.5..HTS"
"893","BRD.K84810405.003.01.1..2.5..HTS"
"894","BRD.K84937637.001.09.9..2.5..HTS"
"895","BRD.K85014146.001.02.5..2.5..HTS"
"896","BRD.K85140930.001.12.7..2.5..HTS"
"897","BRD.K85178109.001.02.3..2.5..HTS"
"898","BRD.K85402309.001.06.6..2.5..HTS"
"899","BRD.K85402309.389.03.2..2.5..HTS"
"900","BRD.K85479953.001.11.3..2.5..HTS"
"901","BRD.K85554912.001.06.3..2.5..HTS"
"902","BRD.K85554912.001.08.9..2.5..HTS"
"903","BRD.K85606544.001.09.1..2.5..HTS"
"904","BRD.K85751432.001.03.3..2.5..HTS"
"905","BRD.K85849709.001.01.5..2.5..HTS"
"906","BRD.K85920262.001.02.1..2.5..HTS"
"907","BRD.K86003836.001.10.5..2.5..HTS"
"908","BRD.K86118762.001.01.8..2.5..HTS"
"909","BRD.K86525559.001.04.5..2.5..HTS"
"910","BRD.K86525559.001.07.8..2.52..HTS"
"911","BRD.K86687746.001.01.3..2.5..HTS"
"912","BRD.K86797399.001.04.4..2.5..HTS"
"913","BRD.K86797399.001.05.1..2.55..HTS"
"914","BRD.K86887724.001.10.6..2.59..HTS"
"915","BRD.K86930074.001.05.0..2.5..HTS"
"916","BRD.K87112191.001.04.5..2.5..HTS"
"917","BRD.K87124298.001.03.4..2.5..HTS"
"918","BRD.K87349682.347.03.8..2.36..HTS"
"919","BRD.K87512222.019.01.7..2.5..HTS"
"920","BRD.K87535339.001.01.6..2.53..HTS"
"921","BRD.K87696786.003.04.4..2.5..HTS"
"922","BRD.K87700323.003.05.1..2.5..HTS"
"923","BRD.K87737963.001.06.0..2.5..HTS"
"924","BRD.K87782578.001.01.4..2.5..HTS"
"925","BRD.K87827419.001.16.8..2.5..HTS"
"926","BRD.K87909389.003.03.4..2.5..HTS"
"927","BRD.K88366685.300.06.0..2.5..HTS"
"928","BRD.K88429204.001.35.1..2.5..HTS"
"929","BRD.K88506063.001.01.8..2.5..HTS"
"930","BRD.K88510285.001.11.1..2.5..HTS"
"931","BRD.K88568253.011.19.9..2.5..HTS"
"932","BRD.K88625236.001.04.2..2.5..HTS"
"933","BRD.K88677950.001.03.9..2.5..HTS"
"934","BRD.K89014967.001.04.3..2.5..HTS"
"935","BRD.K89015388.001.01.7..2.5..HTS"
"936","BRD.K89053832.001.01.0..2.5..HTS"
"937","BRD.K89299012.001.06.0..2.5..HTS"
"938","BRD.K89561498.001.01.7..2.5..HTS"
"939","BRD.K89714990.001.01.5..2.5..HTS"
"940","BRD.K89839824.001.05.3..2.5..HTS"
"941","BRD.K90027355.001.13.3..2.44..HTS"
"942","BRD.K90374350.001.09.2..2.5..HTS"
"943","BRD.K90382497.001.10.7..2.5..HTS"
"944","BRD.K90497590.001.04.2..2.5..HTS"
"945","BRD.K90647725.001.07.3..2.5..HTS"
"946","BRD.K91370081.001.25.1..2.5..HTS"
"947","BRD.K91601245.001.12.0..2.5..HTS"
"948","BRD.K91623615.001.05.0..2.46..HTS"
"949","BRD.K91701654.001.03.1..2.38..HTS"
"950","BRD.K91825936.001.01.2..2.5..HTS"
"951","BRD.K92000912.001.12.6..2.5..HTS"
"952","BRD.K92049597.001.20.8..2.5..HTS"
"953","BRD.K92093830.003.30.8..2.5..HTS"
"954","BRD.K92150287.066.01.2..2.5..HTS"
"955","BRD.K92241597.001.06.0..2.5..HTS"
"956","BRD.K92303087.001.01.6..2.5..HTS"
"957","BRD.K92428153.001.04.4..2.5..HTS"
"958","BRD.K92428232.001.10.6..2.5..HTS"
"959","BRD.K92657060.001.05.7..2.5..HTS"
"960","BRD.K92723993.001.06.7..2.5..HTS"
"961","BRD.K92991072.001.04.9..2.5..HTS"
"962","BRD.K93034159.001.25.8..2.5..HTS"
"963","BRD.K93123848.001.04.1..2.5..HTS"
"964","BRD.K93568044.001.32.0..2.5..HTS"
"965","BRD.K93779381.001.01.9..2.5..HTS"
"966","BRD.K93918653.001.08.9..2.5..HTS"
"967","BRD.K94176593.001.09.4..2.5..HTS"
"968","BRD.K94353609.001.21.6..2.5..HTS"
"969","BRD.K94420399.001.01.9..2.5..HTS"
"970","BRD.K94441233.001.13.0..2.6..HTS"
"971","BRD.K94441233.001.17.1..2.5..HTS"
"972","BRD.K94455792.001.01.8..2.5..HTS"
"973","BRD.K94485812.001.02.9..2.55..HTS"
"974","BRD.K94534639.001.02.5..2.5..HTS"
"975","BRD.K94723713.001.10.6..2.5..HTS"
"976","BRD.K95053546.001.01.9..2.5..HTS"
"977","BRD.K95142244.001.01.5..2.5..HTS"
"978","BRD.K95435023.001.08.5..2.5..HTS"
"979","BRD.K95435023.001.10.1..2.5..HTS"
"980","BRD.K95523387.001.09.6..2.5..HTS"
"981","BRD.K95573441.001.01.2..2.5..HTS"
"982","BRD.K95581532.001.01.5..2.5..HTS"
"983","BRD.K95763993.001.19.3..2.5..HTS"
"984","BRD.K95773607.004.03.8..2.5..HTS"
"985","BRD.K95785537.001.23.1..2.5..HTS"
"986","BRD.K95926480.003.03.6..2.5..HTS"
"987","BRD.K96006502.001.02.6..2.5..HTS"
"988","BRD.K96104201.001.01.5..2.5..HTS"
"989","BRD.K96123349.236.02.8..2.5..HTS"
"990","BRD.K96159438.001.06.3..2.5..HTS"
"991","BRD.K96233303.001.01.9..2.5..HTS"
"992","BRD.K96253961.046.03.1..2.5..HTS"
"993","BRD.K96259238.001.01.4..2.5..HTS"
"994","BRD.K96358241.001.01.9..0.94..HTS"
"995","BRD.K96631475.001.02.4..2.43..HTS"
"996","BRD.K96631475.001.04.0..2.5..HTS"
"997","BRD.K96809896.300.02.3..2.5..HTS"
"998","BRD.K97010173.001.04.1..2.5..HTS"
"999","BRD.K97365803.001.02.1..2.5..HTS"
"1000","BRD.K97440753.066.18.1..2.5..HTS"
"1001","BRD.K97472745.001.01.8..2.5..HTS"
"1002","BRD.K97643133.003.09.3..2.5..HTS"
"1003","BRD.K97714174.001.01.3..2.5..HTS"
"1004","BRD.K97746869.001.27.0..2.5..HTS"
"1005","BRD.K97752965.001.16.4..2.5..HTS"
"1006","BRD.K97764662.001.17.3..2.5..HTS"
"1007","BRD.K97810537.001.12.8..2.54..HTS"
"1008","BRD.K97810537.001.13.6..2.5..HTS"
"1009","BRD.K98157055.001.10.9..2.5..HTS"
"1010","BRD.K98203492.003.04.1..2.5..HTS"
"1011","BRD.K98384930.003.01.5..2.5..HTS"
"1012","BRD.K98521173.001.19.4..2.5..HTS"
"1013","BRD.K98548675.001.05.9..2.5..HTS"
"1014","BRD.K98572433.001.02.9..2.5..HTS"
"1015","BRD.K98795921.001.01.7..2.5..HTS"
"1016","BRD.K99023089.001.03.7..2.5..HTS"
"1017","BRD.K99113996.001.02.0..2.5..HTS"
"1018","BRD.K99170882.001.04.3..2.5..HTS"
"1019","BRD.K99383816.001.03.5..2.5..HTS"
"1020","BRD.K99475619.001.01.2..2.5..HTS"
"1021","BRD.K99498722.001.02.6..2.5..HTS"
"1022","BRD.K99545815.001.06.3..2.5..HTS"
"1023","BRD.K99604664.001.01.1..2.5..HTS"
"1024","BRD.K99749624.001.07.0..2.5..HTS"
"1025","BRD.K99792991.001.34.9..2.5..HTS"
"1026","BRD.K99964838.001.11.9..2.5..HTS"
"1027","BRD.M02075109.001.01.1..2.5..HTS"
"1028","BRD.M89827113.001.01.5..2.5..HTS"
"1029","BRD.M97302542.001.03.6..2.5..HTS"
"1030","BRD.A96466199.001.01.4..2.442131966..MTS004"
"1031","BRD.K00634421.001.01.0..2.500042819..MTS004"
"1032","BRD.K02988401.001.01.2..2.5..MTS004"
"1033","BRD.K03765900.001.01.9..2.499986292..MTS004"
"1034","BRD.K04701033.001.04.7..2.499987566..MTS004"
"1035","BRD.K06519765.001.01.1..2.5..MTS004"
"1036","BRD.K10415035.001.04.4..2.5..MTS004"
"1037","BRD.K11851476.003.01.7..2.499993171..MTS004"
"1038","BRD.K13060017.001.02.1..2.499994836..MTS004"
"1039","BRD.K16180792.001.01.7..2.5..MTS004"
"1040","BRD.K17610631.001.03.3..2.421190843..MTS004"
"1041","BRD.K20463415.300.01.4..2.499966791..MTS004"
"1042","BRD.K20468903.001.01.6..2.49996519..MTS004"
"1043","BRD.K22064724.001.01.8..2.499989634..MTS004"
"1044","BRD.K22149900.001.03.9..2.371298578..MTS004"
"1045","BRD.K23848629.401.03.7..2.5..MTS004"
"1046","BRD.K24666289.001.04.9..2.499988887..MTS004"
"1047","BRD.K25970317.001.01.6..2.50000335..MTS004"
"1048","BRD.K26530649.001.01.6..2.568078778..MTS004"
"1049","BRD.K26818574.305.07.6..2.5..MTS004"
"1050","BRD.K28061410.001.06.6..2.5..MTS004"
"1051","BRD.K28537285.001.01.8..2.499968715..MTS004"
"1052","BRD.K32842773.434.01.8..2.5..MTS004"
"1053","BRD.K38527262.300.01.0..2.300987371..MTS004"
"1054","BRD.K42673188.001.01.1..2.363355746..MTS004"
"1055","BRD.K46843573.001.01.9..2.5..MTS004"
"1056","BRD.K50010139.001.02.3..2.5..MTS004"
"1057","BRD.K54955827.001.02.2..2.49997945..MTS004"
"1058","BRD.K55696337.003.24.4..2.50001813..MTS004"
"1059","BRD.K56211775.001.03.8..2.5..MTS004"
"1060","BRD.K56981171.001.01.0..2.500008954..MTS004"
"1061","BRD.K58529924.001.01.5..2.648577938..MTS004"
"1062","BRD.K59753975.001.02.6..2.5..MTS004"
"1063","BRD.K59866480.001.07.3..2.379655165..MTS004"
"1064","BRD.K60130390.001.02.1..2.5..MTS004"
"1065","BRD.K62374002.001.01.5..2.499972663..MTS004"
"1066","BRD.K64120610.001.01.4..2.5..MTS004"
"1067","BRD.K72264770.001.03.2..2.5..MTS004"
"1068","BRD.K72280606.001.01.2..2.499993939..MTS004"
"1069","BRD.K73753850.003.01.6..2.499957259..MTS004"
"1070","BRD.K74236984.001.04.8..2.5..MTS004"
"1071","BRD.K74671368.001.01.8..2.5..MTS004"
"1072","BRD.K79821389.001.03.5..2.562009205..MTS004"
"1073","BRD.K81405859.300.01.4..2.5..MTS004"
"1074","BRD.K82967180.001.01.6..2.500024493..MTS004"
"1075","BRD.K83029223.001.01.3..2.500025378..MTS004"
"1076","BRD.K89085489.001.23.2..2.499967871..MTS004"
"1077","BRD.K89121095.001.01.7..2.499999138..MTS004"
"1078","BRD.K99919177.001.01.3..2.5..MTS004"
